Perspective,Prediction,Actual,Input
INFORMATION,"[""isol asm'. Orgasma pleasurpriorgasm is an orgasm is am is an experience resulting from the third stage of the third stage of the combined effects of four stages of four intoxic effects of physical stimulation in the human sexual stimulation of physical stimulation, emotional response cycle""]","For information purposes, an orgasm is a pleasurable response to sexual stimulation, involving physical, emotional, and sometimes spiritual reactions. Both genders can experience it, but the specific response varies. It's the third stage in the human sexual response cycle, influenced by physical touch, emotional connection, mental intimacy, and complete involvement in the moment. Various factors like thoughts of procreation, power dynamics, and genuine love can contribute to the experience. While having orgasms with someone you love can be great, it doesn't guarantee the long-term success of a relationship.","[['An orgasm, also known as a sexual climax, is a pleasurable physical, psychological or emotional response to prolonged sexual stimulation. It is often accompanied by a notable physiological reaction, such as ejaculation, blushing or spasm and may be followed by aftershocks.\n\nDictionaries still give the subsidiary meaning, ""a similar point of intensity of emotional excitement,"" but as of 2005 this usage has become obscure. It can be startling to modern readers when encountered in older literature.\n\n\nGeneral\nBoth males and females can experience orgasm, but the exact response varies across gender. Generally speaking, orgasm is the third stage of four in the human sexual response cycle, which is the currently accepted model of the physiological process of sexual stimulation', 'You asked two questions that you might think are the same; but they are not. Orgasm is an experience resulting from the combined effects of physical stimulation, emotional bonding, intellectual intimacy and total surrender or giving to the experience of the moment that crest or climax in overwhelming sensual and spiritual thunderclaps.\n\nMany concepts may play a role in building orgasm, including thinking about making a baby, dominance and submission, etc.\n\nTrue love might be a component of a good orgasm, but is itself different and in the long term more fundamental than the orgasm. Having orgasms with someone you love is wonderful, but the existence of the orgasms does not in and of itself serve to indicate whether the relationship will endure over a long term.']]"
INFORMATION,"[""as'eesothyroidismhisty'thyroidism""]","For information purposes, the phenomenon of synchronized menstruation, also known as menstrual synchrony or the McClintock effect, has been observed among women who live or work closely together. This synchronization is thought to be influenced by scent cues or pheromones. Studies have shown that women living in close proximity, such as in dorms or workplaces, may experience a convergence of their menstrual cycles over time. The mechanism behind this phenomenon is not fully understood, but it has been suggested that hormonal signaling plays a role.","[['Apparently so.', ""they sure do.  and call it a blessing, instead of continuous PMS it's all over at the same time."", 'Yes it is true!  This is what one site had to say:\n\n""Synchronous menstruation has been observed among mothers, sisters, and daughters who live together, and sometimes among women who simply work together. Of seven female lifeguards who started out one summer with widely scattered periods. Three months later they were all menstruating within four days of one another.\n\nA study of 135 residents of a women\'s college dorm confirmed the effect. Most of the cycle shifting occurred within the first four months and was usually complete after seven months. Fortunately for the dorm\'s plumbing, the whole building didn\'t synchronize, just roommates and close friends. As often as not, the women were unaware of what had happened.  Later research has suggested that synchrony is caused by some sort of scent cue, or pheromone.""', 'yea they actually do, it\'s because each woman gives off hormones, and when there are several living together, for a long time, each of their hormones notices the other hormones and their bodies regulates the hormones to all release at the same time because the same ""mechanism"" is controlling all of the women\'s bodies.  This makes all three human bodies more efficient from the ""mechanisms"" view point.', 'yes and its a bloody mess!!!']]"
INFORMATION,"[""sadescribed asasi'They are not ap.e they are not ok go to mex is not ok go to the t ok go to the dr.dr to the dr.as. asasr. asap.ap. asasap.""]","Hypothyroidism, characterized by insufficient production of thyroid hormones, can lead to weight gain and fatigue due to a slowed metabolism. As metabolism naturally slows with age, maintaining an active lifestyle becomes crucial to prevent weight gain and associated complications. The assertion that you don't need to diet to lose weight suggests the importance of focusing on nutrient-dense foods rather than restricting calories excessively. Achieving the minimum nutrient requirements necessitates consuming around 5000 calories a day from the right sources, which is impractical in today's food environment. The statement also emphasizes that dieters, often characterized by poor eating habits and meal skipping, might struggle to meet their nutritional needs. Depending on factors like height and weight, the average woman requires around 100 grams of lean protein daily, 7-9 servings of fruits and vegetables, and at least one gallon of water to support overall health.","[['it sounds alot like hypothyroidism which meens that your body is not producing enough thyroid hormones. this can cause you to gain weight and lack energy.\n\nalso sounds like possible depression so see a doctor.', 'You need to do more in order for you to lose the weight although you say you are active.Your metabolism slows as we age and you need to keep your metabolism going or you will be gaining weight and at risk for complications or dieases.\nWhen you are at home at night, walk for 30 minutes before you sit down to eat.', '?', ""First, congratulations and welcome to the other side.\n\nSecond, you don't need to diet to loose weight. Eat what you like and when you like. All that needs to be done is balancing the input with the output. Experiment with food combinations and exercise routines. Bank on raw vegetables and fruits to get full, then enjoy the 'real food'. Do play a sport, even if its 'catch the chicken'. Stay happy, get proper sleep, and enjoy life.\n\np.s drink lemon juice with honey tea, its can do wonders."", ""It could be you need to be taking vitamin, mineral supplements because you body is lacking something.  In order to get the minimum nutrients your body requires you would have to consume 5000 calories a day of just the right kinds of foods.  Impossible with today's food supply.  Dieters are horrible eaters and are usually meal skippers.  Depending on height and weight the average women needs 100 grams of lean protein daily, 7-9 services of fruits and veggies, and at least 1 gal of water every day.""]]"
CAUSE,"['Put the astraumadolone manufactured by WebMD says not pop the blister wartedo not to get ridd remover and let it. Drain the finger. Cut the blister heal. Drain the blister but you finger, just let it but do not remove the only kidding. I am not remove the skin covering it probably just let it is skin covering the area. probably just let it looks like . Apply tros it heal. fungus antibiotic sy.']","Low energy and weight gain may be due to hypothyroidism, depression, or lack of minerals and vitamins.","[['it sounds alot like hypothyroidism which meens that your body is not producing enough thyroid hormones. this can cause you to gain weight and lack energy.\n\nalso sounds like possible depression so see a doctor.', 'You need to do more in order for you to lose the weight although you say you are active.Your metabolism slows as we age and you need to keep your metabolism going or you will be gaining weight and at risk for complications or dieases.\nWhen you are at home at night, walk for 30 minutes before you sit down to eat.', '?', ""First, congratulations and welcome to the other side.\n\nSecond, you don't need to diet to loose weight. Eat what you like and when you like. All that needs to be done is balancing the input with the output. Experiment with food combinations and exercise routines. Bank on raw vegetables and fruits to get full, then enjoy the 'real food'. Do play a sport, even if its 'catch the chicken'. Stay happy, get proper sleep, and enjoy life.\n\np.s drink lemon juice with honey tea, its can do wonders."", ""It could be you need to be taking vitamin, mineral supplements because you body is lacking something.  In order to get the minimum nutrients your body requires you would have to consume 5000 calories a day of just the right kinds of foods.  Impossible with today's food supply.  Dieters are horrible eaters and are usually meal skippers.  Depending on height and weight the average women needs 100 grams of lean protein daily, 7-9 services of fruits and veggies, and at least 1 gal of water every day.""]]"
SUGGESTION,"[""ss it'semohymhs the human body is 70% water ud water you need water, you need to keep you need to maintain enough to keep your body functions regular, and function properly hydration regular, and helps your body fluidsate, and helps your kidneys. your body fluids your kidneys. your body is 70% water levels. your body is 70% water, you need to keep your 70% water, you know?! you hydration, you know?!? you need to keep you know?! you need to keep that level up! you need to keep that level up! it also keep that level up! it also keeps your skin moisturized! it also keeps your skin moisturized when out ins your skin moisturized when out in the sun and d when out in the sun and what not what not. the sun and what not. what not.""]","While being active is beneficial, it's advised to consult a doctor for personalized weight loss guidance. To enhance weight loss efforts, consider incorporating additional strategies, such as walking for 30 minutes before evening meals, experimenting with food combinations, and trying various exercise routines. Balancing input and output is key, focusing on raw vegetables and fruits to feel full before enjoying other foods. Engaging in a sport or physical activity, even casually, contributes to overall well-being. Prioritize happiness, proper sleep, and enjoyment of life. Additionally, drinking lemon juice with honey tea is suggested, potentially offering additional health benefits. Overall, a multifaceted approach that includes both dietary and lifestyle adjustments can contribute to effective and sustainable weight management.","[['it sounds alot like hypothyroidism which meens that your body is not producing enough thyroid hormones. this can cause you to gain weight and lack energy.\n\nalso sounds like possible depression so see a doctor.', 'You need to do more in order for you to lose the weight although you say you are active.Your metabolism slows as we age and you need to keep your metabolism going or you will be gaining weight and at risk for complications or dieases.\nWhen you are at home at night, walk for 30 minutes before you sit down to eat.', '?', ""First, congratulations and welcome to the other side.\n\nSecond, you don't need to diet to loose weight. Eat what you like and when you like. All that needs to be done is balancing the input with the output. Experiment with food combinations and exercise routines. Bank on raw vegetables and fruits to get full, then enjoy the 'real food'. Do play a sport, even if its 'catch the chicken'. Stay happy, get proper sleep, and enjoy life.\n\np.s drink lemon juice with honey tea, its can do wonders."", ""It could be you need to be taking vitamin, mineral supplements because you body is lacking something.  In order to get the minimum nutrients your body requires you would have to consume 5000 calories a day of just the right kinds of foods.  Impossible with today's food supply.  Dieters are horrible eaters and are usually meal skippers.  Depending on height and weight the average women needs 100 grams of lean protein daily, 7-9 services of fruits and veggies, and at least 1 gal of water every day.""]]"
INFORMATION,['I havenasasunt is suggested'],Insufficient calorie intake can compromise metabolism even without a thyroid issue. When running three miles daily it's important to ensure you get enough calories to support your body. Your ideal weight may be influenced by genetics.,"[['It is possible to not eat enough to keep your metabolism functioning without a thyroid problem.  Try increasing calories at meal time and add a small nutritious snack between meals.  If your running three miles a day you need calories to burn.', 'Genetics.  You are at the ideal weight that your genes say you should be.  Stay healthy, but start enjoying life instead of living to lose weight.']]"
SUGGESTION,"['You\'tleum, ""Itmu\'sienought sure can \'.comforc\'s - read it sure can you can cause ulcerso... it can - read this... it\'s - read this...it sure can cause isno it tells you can a\'t\'s you what else can']",Increase your meal calories and insert a healthy snack between meals. Prioritize enjoyment in life while maintaining health instead of solely focusing on weight loss.,"[['It is possible to not eat enough to keep your metabolism functioning without a thyroid problem.  Try increasing calories at meal time and add a small nutritious snack between meals.  If your running three miles a day you need calories to burn.', 'Genetics.  You are at the ideal weight that your genes say you should be.  Stay healthy, but start enjoying life instead of living to lose weight.']]"
INFORMATION,"[""nod's and .""]","For information purposes, sciatica can be addressed through manual treatments, such as physical therapy, specific stretching and strengthening exercises, and manual manipulation like osteopathic or chiropractic manipulation, aimed at alleviating pressure on the nerve root causing the pain. Medical treatments involve medications like non-steroidal anti-inflammatory drugs (NSAIDs), oral steroids, or epidural steroid injections to reduce inflammation, a common component of sciatic pain. In cases where conservative approaches fail, surgical options like microdiscectomy or lumbar laminectomy and discectomy may be considered to remove the disc portion irritating the nerve root, relieving both pressure and inflammation. However, surgery and medication are generally considered last resorts, and initial steps involve determining the cause and exploring non-invasive treatments such as chiropractic care and massage therapy. Lifestyle changes, including adjustments to sleeping position, footwear, and posture, can also contribute to managing sciatic pain.","[['Manual treatments for sciatica, including physical therapy and specific stretching and strengthening exercises, and manual manipulation (e.g. osteopathic or chiropractic manipulation) to help relieve the pressure on the nerve root, which is the cause of the pain. Medical treatments for sciatica, including medications such as non-steroidal anti-inflammatory drugs (NSAIDs), oral steroids, or epidural steroid injections to help relieve the inflammation, which is usually a component of the pain. Surgery for sciatica, such as microdiscectomy or lumbar laminectomy and discectomy, to remove the portion of the disc that is irritating the nerve root. This surgery is designed to help relieve both the pressure and inflammation and may be warranted if the sciatic nerve pain is severe and has not been relieved with appropriate manual or medical treatments.', 'Surgery and meds are the last option IMO! \n\nThe first thing to do is determine the cause and to see if it is true sciatica. Try seeing a Chiropractor. They are excellent at analyzing xrays and will be able to determine why the sciatica is happening and will either refer out or provide treatment. Massage is also great for sciatica & a well trained massage therapist will be able to give you therapeutic exercises to help manage the pain. \n\nThe chiropractor & massage therapist will also be able to give you pointers on lifestyle changes...for sleeping postion, footwear, posture, etc.']]"
INFORMATION,['sens.'],Having a cyst on the scrotum is not a good thing.,"[[""I'm gonna have to go with my gut and say that a having an extra sac (even if it's filled with air or pus) is probably a bad thing. Of course, I'm not a doctor, so it may be really great. Might wanna swing by the M.D. just to check."", 'may want to go to a doctor on that', 'No they are not ok go to the dr. asap.']]"
SUGGESTION,['Uses<unk>u---- Medicated shampoossorigielated (usually within iferate your scalp shampoo) within acitis). Use once or twice per week and then use over- or twice per week to keep it once or twice per week to keep it under control once per week to keep it under control.'],"For a cyst on the scrotum, a doctor is advised.","[[""I'm gonna have to go with my gut and say that a having an extra sac (even if it's filled with air or pus) is probably a bad thing. Of course, I'm not a doctor, so it may be really great. Might wanna swing by the M.D. just to check."", 'may want to go to a doctor on that', 'No they are not ok go to the dr. asap.']]"
INFORMATION,['You may betons -Drinkeepriclenoing or citrus in the morningssese in the morning will speed up. High In the morning will speed it up your metabolism interval training will speed up your metabolism.'],"WebMD advises against popping the blister, recommending instead to cover it with a bandage and monitor for signs of infection.","[[""I would pop the blister with a needle that's been sterilized (hold in a flame for a few seconds). \n\nHowever, WebMD.com says not to pop it, just cover it with a bandage and watch for infection."", 'Drain the blister but do not remove the skin covering the area. Apply an antibiotic ointment and mild compression.', 'cut the finger, just kidding. probably just let it heal. i am not really sure how it looks like but if it is caused by fungus, apply trosyd manufactured by pfizer. i had something before on my skin and i got rid of it by putting some silver nitrate. oh, it is painful. but you can use the one manufactured by- i guess it still is from pfizer, the ointment wart remover?']]"
CAUSE,"[""You may benevery ado have ature color of summary to see a stone. If your urine is a if your urine has a strange color that's is a strange color or is green or cloudyello color or is cloudy""]",blister can be caused due to fungus,"[[""I would pop the blister with a needle that's been sterilized (hold in a flame for a few seconds). \n\nHowever, WebMD.com says not to pop it, just cover it with a bandage and watch for infection."", 'Drain the blister but do not remove the skin covering the area. Apply an antibiotic ointment and mild compression.', 'cut the finger, just kidding. probably just let it heal. i am not really sure how it looks like but if it is caused by fungus, apply trosyd manufactured by pfizer. i had something before on my skin and i got rid of it by putting some silver nitrate. oh, it is painful. but you can use the one manufactured by- i guess it still is from pfizer, the ointment wart remover?']]"
SUGGESTION,['I.emimmadvt is your M.'],"one user suggests popping with a sterilized needle and applying a bandage, while another user advises against popping. Another user suggests draining the blister but refrain from removing the skin covering it. For non-popped blisters, use antibiotic ointment and mild compression. If caused by fungus, apply Pfizer's Trosyd.","[[""I would pop the blister with a needle that's been sterilized (hold in a flame for a few seconds). \n\nHowever, WebMD.com says not to pop it, just cover it with a bandage and watch for infection."", 'Drain the blister but do not remove the skin covering the area. Apply an antibiotic ointment and mild compression.', 'cut the finger, just kidding. probably just let it heal. i am not really sure how it looks like but if it is caused by fungus, apply trosyd manufactured by pfizer. i had something before on my skin and i got rid of it by putting some silver nitrate. oh, it is painful. but you can use the one manufactured by- i guess it still is from pfizer, the ointment wart remover?']]"
EXPERIENCE,"[""I have you'stimordin""]","In users expereince, one user plans to pop a blister using a sterilized needle and this user previously used silver nitrate to address a skin issue successfully.","[[""I would pop the blister with a needle that's been sterilized (hold in a flame for a few seconds). \n\nHowever, WebMD.com says not to pop it, just cover it with a bandage and watch for infection."", 'Drain the blister but do not remove the skin covering the area. Apply an antibiotic ointment and mild compression.', 'cut the finger, just kidding. probably just let it heal. i am not really sure how it looks like but if it is caused by fungus, apply trosyd manufactured by pfizer. i had something before on my skin and i got rid of it by putting some silver nitrate. oh, it is painful. but you can use the one manufactured by- i guess it still is from pfizer, the ointment wart remover?']]"
INFORMATION,['I have you yeealots alot of the day of sugar and oranges of sugar and oranges and calories'],"Lupus is a chronic inflammatory disease that can impact various body parts, with systemic lupus being more severe than discoid lupus and potentially affecting multiple organs or systems. The symptoms can vary widely among individuals, and systemic lupus may go through periods of remission and flare-ups. The Lupus Foundation of America provides comprehensive information on the disease. While conventional medical sources offer details on lupus, a cutting-edge perspective suggests a genetic predisposition to hyperimmunity resulting from a chronic infection by Nanobacterium sanguineum. Treatment with Nanobac Supplements, including 500mg of tetracycline HCL every night at bedtime, is recommended, with reported success. Further information on this approach is available at www.nanobac.com.","[['""Lupus is a chronic inflammatory disease that can affect various parts of the body...Systemic lupus is usually more severe than discoid lupus, and can affect almost any organ or organ system of the body. For some people, only the skin and joints will be involved. In others, the joints, lungs, kidneys, blood, or other organs and/or tissues may be affected. Generally, no two people with systemic lupus will have identical symptoms. Systemic lupus may include periods in which few, if any, symptoms are evident (""remission"") and other times when the disease becomes more active (""flare""). Most often when people mention ""lupus,"" they are referring to the systemic form of the disease."" - Lupus Foundation of America, http://www.lupus.org/education/whatis.html\n\nMore details on lupus:\nSystemic Lupus Erythematosus (Nat\'l Institute of Arthritis and Musculoskeletal and Skin Diseases) - http://www.niams.nih.gov/hi/topics/lupus/slehandout/index.htm\nSystemic Lupus Erythematosus (JAMA Patient Page) - http://jama.ama-assn.org/cgi/content/full/293/24/3130\nLupus (MayoClinic.com) - http://www.mayoclinic.com/health/lupus/DS00115', 'Read the above answer.....that is the popular answer. The cutting edge answer is more complicated yet. SLE is a genetic predisposed condition of hyperimmunity resulting from a chronic infection by Nanobacterium sanguineum. There are treatments....with incredible success. Go to: www.nanobac.com The treatment is the Nanobac Supplements with 500mg of tetracycline HCL every night at bedtime. Suggested to be all taken for a minimum of 6 months, then maintenance program.']]"
INFORMATION,['up to asti... 6 to 6 to 6 to 6 to 6 to 8 months to 8 months'],"For information purposes, gel-Kam is a fluoride gel that doesn't restore enamel but aids in strengthening it by delivering fluoride to areas that are affected or weakened.","[['Gel-kam is a fluoride gel, It does not restore enamel, it can help strengthen it by getting fluoride to an affected or weakened area']]"
INFORMATION,"[""you have it'sasir skin aly'se you alla seds up with argic and s up and a piece of if if ur skin a plastic and when ur skin swelling and u swells up.""]","Proper hydration is essential for overall health as our bodies are about 70% water. It regulates bodily functions, supports kidney function, and keeps skin moisturized. Alongside water, electrolytes are crucial, lost through urination, vomiting, diarrhea, and sweating. Failure to replace lost fluids and salts can lead to dehydration, which, if severe, can be fatal. Feeling thirsty is an early sign of dehydration. Stay hydrated to maintain good health and bodily functions.","[['not only does it keep you hydrated, but it also keeps your body functions regular, and helps your kidneys. your body is 70% water, you know?!? you need to keep that level up! it also keeps your skin moisturized when out in the sun and what not. gives you a healthy glow! drink plenty!!', 'The human body needs water to maintain enough blood and other fluids to function properly.  Along with the fluids, the body also needs electrolytes, which are salts normally found in blood, other fluids, and cells. \n\nThe body may lose fluids in a variety of ways:\n\nwhen urinating \nwhen you vomit or have diarrhea \nwhen sweating \nfrom the lungs during normal breathing.\n\nIf the body loses a substantial amount of fluids and salts and they are not quickly replaced, for example, by drinking, the body starts to ""dry up"" or get dehydrated.\n\nSevere dehydration can cause death.\n\nWhen you feel thirsty, you have already begun to dehydrate, so it\'s best to drink water as often as possible, even when you\'re not thirsty.', 'Without it we would die. There would be no life.', 'u should drink water so u can live to see the next day', 'it gives u moistur and celebraties eat only meat and water.', 'it cleans out your internal systems', 'it keeps you from de-hydryting', ""Well someone in my family who I wont mentioned had lots of zits adn greasy face, but once they started drinking lots of water that person's face got really nice and clear and really pretty ! It really does work !""]]"
EXPERIENCE,['MSG or aspartamemsg is high inactive'],one of the users family member had acne and oily skin but experienced a significant improvement in skin clarity and appearance after increasing water intake.,"[['not only does it keep you hydrated, but it also keeps your body functions regular, and helps your kidneys. your body is 70% water, you know?!? you need to keep that level up! it also keeps your skin moisturized when out in the sun and what not. gives you a healthy glow! drink plenty!!', 'The human body needs water to maintain enough blood and other fluids to function properly.  Along with the fluids, the body also needs electrolytes, which are salts normally found in blood, other fluids, and cells. \n\nThe body may lose fluids in a variety of ways:\n\nwhen urinating \nwhen you vomit or have diarrhea \nwhen sweating \nfrom the lungs during normal breathing.\n\nIf the body loses a substantial amount of fluids and salts and they are not quickly replaced, for example, by drinking, the body starts to ""dry up"" or get dehydrated.\n\nSevere dehydration can cause death.\n\nWhen you feel thirsty, you have already begun to dehydrate, so it\'s best to drink water as often as possible, even when you\'re not thirsty.', 'Without it we would die. There would be no life.', 'u should drink water so u can live to see the next day', 'it gives u moistur and celebraties eat only meat and water.', 'it cleans out your internal systems', 'it keeps you from de-hydryting', ""Well someone in my family who I wont mentioned had lots of zits adn greasy face, but once they started drinking lots of water that person's face got really nice and clear and really pretty ! It really does work !""]]"
SUGGESTION,"[""Here's the asuskn is suggested remedies.""]","To address a yeast infection, the suggestions include reducing sugar intake, consuming yogurt with Lactobacillus acidophilus, opting for breathable clothing, and trying tea tree oil as a douche or topical application. Additionally, obtaining acidophilus from the Vitamin section of a store is recommended, as it not only helps with healing but also has potential preventive benefits when taken regularly.","[['Reduce your sugar intake and ingest yogurt made with Lactobacillus acidophilus. Wear breathable clothing. Your infection should dissipate.', 'Try tea tree oil, used as a douche or as topical application, some in UK used to recommend Bicarb of Soda', 'Go to the Vitamin section of a store and get ACIDOPHILUS. If you take that not only will it help, but if you keep taking it, it can prevent u from getting more.']]"
INFORMATION,"['senzimealzbucha kombuchaetma is kombucha is kombucha a is a a is fungus a fungus a a fungus you grow in tea you grow in tea you grow in tea and and and and it makes in tea and and it makes the cure the tea and and it makes the tea extremely healthy tea extremely healthy with kombuchase extremely healthy with kombuchale extremely healthy with enzimes, antio enzimes, antioxoximes, antioxodents,odents,oxodents, vitamins, vitamins, vitamins, vitamins, vitamins, and the cure to many things., and the cure to many things. One of them the to many things. One of them happens to many things. One of them happens to be Asthenzima to be Asthmames,']","To get rid of a yeast infection naturally, some people in the UK recommend Bicrab of Soda.","[['Reduce your sugar intake and ingest yogurt made with Lactobacillus acidophilus. Wear breathable clothing. Your infection should dissipate.', 'Try tea tree oil, used as a douche or as topical application, some in UK used to recommend Bicarb of Soda', 'Go to the Vitamin section of a store and get ACIDOPHILUS. If you take that not only will it help, but if you keep taking it, it can prevent u from getting more.']]"
SUGGESTION,"[""I think it gamputation to keep the skin infection of the skin infection of the skin infection from spreading torn the skin that kills to the rest of one's the skin cells of one's body""]","While Ambien is not recommended for sleeping problems, alternative solutions include following the step-by-step 6-week program outlined in 'Say Goodnight to Insomnia' by Glenn Jacobs or trying a hypnosis tape by UK therapist Glenn Harrold. Incorporating exercise, maintaining a regular diet, and keeping a journal can also contribute to improving sleep patterns.","[['you can without any hiccups.  i have done fine.', ""I don't know.  But I don't recommend Ambien in general.    If you have sleeping problems, I would highly recommend 'Say Good night to Insomnia' by Glenn Jacobs which gives you a step by step 6 week program to change your sleeping pattern  or Hypnosis tape by UK therapist Glenn Harrold.  Exercise, regular diet, and keeping a journal all help!  Good luck!""]]"
EXPERIENCE,"['Yes, asid, you will you will you will be aware of course be given something be given something along the sed']","In users expereince, one person could without any hiccups and they have done fine.","[['you can without any hiccups.  i have done fine.', ""I don't know.  But I don't recommend Ambien in general.    If you have sleeping problems, I would highly recommend 'Say Good night to Insomnia' by Glenn Jacobs which gives you a step by step 6 week program to change your sleeping pattern  or Hypnosis tape by UK therapist Glenn Harrold.  Exercise, regular diet, and keeping a journal all help!  Good luck!""]]"
INFORMATION,"['asedoserocular retinitecular retinitis pigmentos, deterioratitis pigmentosarzos pigmentosa commonly causes night blindness, vitamin A deficiopia, mainly because of vitamin A defic mainly because the eye disease leads to maintainsupon the eye leads to deterioratidation of retina to deterioration of light- deterioration of light-sensitive cells in the inner back layer of light cells in the inner back layer of the eye (retin back layer of the eye (retina) of the eye (retina) where images are where images are) where images are processed. It is processed. It is processed. It is often caused by cataracts often caused by cataracts by cataracts (usually in older persons (usually in , usually in older persons), a young person in older persons), retinter), a) retinitis pigmentis pigmentoretinitis pigmentos pigmentos pigmentosasa (maya (maya (may be the first sign of which is the first sign of the first sign of the first sign of the disease in agen of the disease in a young person in a in a young person), Poor adaptation to a young person), Poor adaptation to darkness (n person), Poor adaptation to darkness (not caused by poor adaptation to darkness (not caused by any disease), vitamin A not caused by any disease),']","For information purposes, the provided information discusses ulcers, their types (gastric and duodenal), symptoms, causes, and complications. It also touches upon factors that may contribute to ulcer development, such as the bacterium ""H. pylori,"" certain medications, lifestyle choices, and stress. Additionally, the text mentions the risks associated with bleeding ulcers, anemia, weight loss, and the potential for complications like stomach cancer.The information then shifts to the discussion of Aspartame/Nutrasweet, highlighting its breakdown into toxic components at temperatures lower than the human body's. It mentions potential health risks associated with Aspartame/Nutrasweet consumption, such as Methanol poisoning, Excitotoxicity (brain cell damage), and triggering of migraine headaches. The text also suggests that Aspartame/Nutrasweet may lead to cravings for carbohydrates, hindering weight loss efforts. It's important to note that the information about Aspartame/Nutrasweet and its health effects appears to be critical of its consumption, but scientific consensus on these claims may vary. Always consult with healthcare professionals and rely on peer-reviewed studies for accurate and up-to-date information on health-related topics.","[['It sure can - read this... it tells you what else can cause ulcers and explains what an ulcer is.  My uncle had to stop soda altogether because of this (good luck!):\n\nAn ulcer is an open wound that develops in the tissue of a digestive tract. \n\nThere are two main types of ulcers- \n\nPeptic or gastric ulcers, they form in the stomach. The gastric juice that is produced in the stomach contains hydrochloric acid, mucus, and an enzyme called pepsin. Sometimes, the mixture of pepsin and acids acts on the wall of the digestive tract and the result is a peptic ulcer. \n\nDuodenal ulcer forms in the small intestines near the stomach. They are more common than gastric ulcers. \n\nHow do you know if you have an ulcer? Pain! The pain may occur from 30 to 60 minutes after eating. The pain rarely comes in the morning, but usually follows after lunch and dinner. And it may occur after midnight. \n\nIntense burning pain occurs in the area of the lower chest and/or upper abdomen. Additional symptoms that may be experienced are weight loss, a decrease in appetite, anemia, nausea, and vomiting. \n\nThere may be times when the pain of an ulcer seems to be gone and then it suddenly returns. Pain associated with ulcers affect different people in different ways. \n\nThere are different causes for the formation of ulcers. In some cases the bacterium ""H. pylori"" is responsible for the majority of ulcers. It says that too much stomach acid aggravates the already existing problem. People who develop ulcers usually have a higher concentration of hydrochloric acid than is normal. \n\nSome medications are known to cause ulcers such as those used to relieve the swelling of arthritis. Aditionally care should be taken when using ibuprofen and aspirin since they can cause irritation and bleeding. \n\nTense, ambitious, hard-driving people are more likely to develop ulcers than calm people. Other causes are alcoholic beverages, caffeine, stress, and smoking. Drinks that often contain caffeine are soda, tea, and coffee. Chocolate also contains caffeine and should be avoided. ""The American Medical Association Family Medical Guide"" adds that the elderly are more susceptible to developing a stomach ulcer. People who do not eat regular meals or who are rushed during mealtime are also likely candidates for this type of ulcer. \n\nAlthough uncers can bleed, bleeding due to a stomach ulcer is rare, but it can be very serious. An ulcer that bleeds slowly over a period of time, may eventually lead to anemia, weight loss, decrease in appetite, and infection. A more serious complication of a persistent gastric ulcer is stomach cancer. \n\n\n\nWhen a duodenal ulcer goes untreated, the risks are low. However, bleeding from duodenal ulcers can cause anemia. Heavy bleeding from this type of ulcer may cause nausea, vomiting, and dark stools. Scarring from a duodenal ulcer can also cause a dangerous blockage. \n\nIf you find the above mentioned symptoms, contact the doctor. Immediate medical attention should be given if the patient is vomiting blood, has cold skin accompanied by sweating, faintness, weakness, or is experiencing extreme pain. Early diagnosis and treatment is essential for prompt healing and also to prevent the ulcer from coming back. \n\nThe above is provided for your information, but you are responsible for your own actions to deal with your ulcers or gastro esophageal health problems.  Our information is not medical advice.  You must see your own doctor for medical advice about your gastro esophageal or ulcers.', 'I don\'t know...but 8 is TOO MUCH.\n\n# Aspartame/Nutrasweet is not very sweet in itself, that may be why Equal puts Dextrose (sugar) and maltodextrin as the first ingredients, so that it tastes sweet.\n\n# Aspartame/Nutrasweet is a brain drug that stimulates your brain so you think that the food you\'re eating tastes sweet. If you pay attention you\'ll notice that when using Aspartame/Nutrasweet, everything you eat at the same time also tastes sweet! This may be why Aspartame/Nutrasweet causes you to crave carbohydrates. Hence, you won\'t lose weight using it.\nBTW, cyclamates got pulled off the market in the 70\'s in the US (but not Canada or the rest of the world) because the sugar industry saw too much of their market disappear.\n\n# Aspartame/Nutrasweet (aspartylphenylalanine-methyl-ester) breaks down to its poison constituents at 86 degrees (Aspartic Acid 40%, Phenylalanine 50%, and Methanol 10%). Remember your stomach is at 98.6 degrees! Therefore you should never use Aspartame/Nutrasweet in hot beverages or cooked foods such as Jello. How the FDA allows this remains a mystery. There is mounting evidence that the ""Burning Mouth Syndrome"" experienced by the Desert Storm troops was actually Methanol poisoning from the Diet Coke they drank lots of, after being exposed to desert temperatures.\n\n# Aspartame/Nutrasweet\'s 10% Methanol appears in the body quickly and is the same alcohol (wood alcohol also in lacquer thinner), that your mother correctly warned you could make you blind. Many skid-row alcoholics had major problems with this cheap but deadly form of alcohol.\n# Aspartame/Nutrasweet\'s 40% Aspartic Acid is an ""excitotoxin"" in the brain and excites neurons to death, i.e. it kills brain cells and causes other nerve damage.\n\n# Aspartame/Nutrasweet triggers Migraine Headaches This even happened to me!. The Usenet is filled with posts by people who have pinned their migraines down to aspartame/Nutrasweet consumption.\n\n# Aspartame/Nutrasweet\'s breakdown products attack the bodies tissues and create Formaldehyde which builds up in the tissues forever. Remember the smelly, eye watering fumes from the frogs you dissected in school? They were preserved with Formaldehyde! Formaldehyde is thought to cause cancer.\nThe American Bottlers Association did not want the FDA to approve Aspartame/Nutrasweet because of what the test report showed. But the FDA approved it anyway!\n\n# Airline pilots stay away from Aspartame/Nutrasweet because they are well aware of the documented dangers.\n\n# Aspartame/Nutrasweet also breaks down to diketopiperazine [DKP] which is proven to cause Brain Tumors! Brain Tumors used to be rare. Several of the rats in the original study formed brain tumors during their Aspartame/Nutrasweet exposure. The researchers surgically removed the tumors and returned the rats to the study and discounted the tumors', 'sure if you drink like a 12 pack a dayfor yur whole life.']]"
SUGGESTION,"[""ss<unk>'semarrieXPERItynstrual period.""]","If one experiences symptoms suggestive of stomach ulcers, it is recommended to seek medical attention promptly. Urgent medical intervention is necessary if you observe severe signs such as vomiting blood, cold skin with sweating, faintness, weakness, or extreme pain. Early diagnosis and treatment are crucial for swift recovery and to minimize the risk of ulcer recurrence. However, the information provided is for general awareness, and it emphasizes that individuals are responsible for their actions in managing ulcers or gastroesophageal health issues. It explicitly states that the information is not medical advice, and individuals should consult their own doctor for personalized medical advice regarding their gastroesophageal or ulcer condition. Also consuming diet soda 8 times a day is too much.","[['It sure can - read this... it tells you what else can cause ulcers and explains what an ulcer is.  My uncle had to stop soda altogether because of this (good luck!):\n\nAn ulcer is an open wound that develops in the tissue of a digestive tract. \n\nThere are two main types of ulcers- \n\nPeptic or gastric ulcers, they form in the stomach. The gastric juice that is produced in the stomach contains hydrochloric acid, mucus, and an enzyme called pepsin. Sometimes, the mixture of pepsin and acids acts on the wall of the digestive tract and the result is a peptic ulcer. \n\nDuodenal ulcer forms in the small intestines near the stomach. They are more common than gastric ulcers. \n\nHow do you know if you have an ulcer? Pain! The pain may occur from 30 to 60 minutes after eating. The pain rarely comes in the morning, but usually follows after lunch and dinner. And it may occur after midnight. \n\nIntense burning pain occurs in the area of the lower chest and/or upper abdomen. Additional symptoms that may be experienced are weight loss, a decrease in appetite, anemia, nausea, and vomiting. \n\nThere may be times when the pain of an ulcer seems to be gone and then it suddenly returns. Pain associated with ulcers affect different people in different ways. \n\nThere are different causes for the formation of ulcers. In some cases the bacterium ""H. pylori"" is responsible for the majority of ulcers. It says that too much stomach acid aggravates the already existing problem. People who develop ulcers usually have a higher concentration of hydrochloric acid than is normal. \n\nSome medications are known to cause ulcers such as those used to relieve the swelling of arthritis. Aditionally care should be taken when using ibuprofen and aspirin since they can cause irritation and bleeding. \n\nTense, ambitious, hard-driving people are more likely to develop ulcers than calm people. Other causes are alcoholic beverages, caffeine, stress, and smoking. Drinks that often contain caffeine are soda, tea, and coffee. Chocolate also contains caffeine and should be avoided. ""The American Medical Association Family Medical Guide"" adds that the elderly are more susceptible to developing a stomach ulcer. People who do not eat regular meals or who are rushed during mealtime are also likely candidates for this type of ulcer. \n\nAlthough uncers can bleed, bleeding due to a stomach ulcer is rare, but it can be very serious. An ulcer that bleeds slowly over a period of time, may eventually lead to anemia, weight loss, decrease in appetite, and infection. A more serious complication of a persistent gastric ulcer is stomach cancer. \n\n\n\nWhen a duodenal ulcer goes untreated, the risks are low. However, bleeding from duodenal ulcers can cause anemia. Heavy bleeding from this type of ulcer may cause nausea, vomiting, and dark stools. Scarring from a duodenal ulcer can also cause a dangerous blockage. \n\nIf you find the above mentioned symptoms, contact the doctor. Immediate medical attention should be given if the patient is vomiting blood, has cold skin accompanied by sweating, faintness, weakness, or is experiencing extreme pain. Early diagnosis and treatment is essential for prompt healing and also to prevent the ulcer from coming back. \n\nThe above is provided for your information, but you are responsible for your own actions to deal with your ulcers or gastro esophageal health problems.  Our information is not medical advice.  You must see your own doctor for medical advice about your gastro esophageal or ulcers.', 'I don\'t know...but 8 is TOO MUCH.\n\n# Aspartame/Nutrasweet is not very sweet in itself, that may be why Equal puts Dextrose (sugar) and maltodextrin as the first ingredients, so that it tastes sweet.\n\n# Aspartame/Nutrasweet is a brain drug that stimulates your brain so you think that the food you\'re eating tastes sweet. If you pay attention you\'ll notice that when using Aspartame/Nutrasweet, everything you eat at the same time also tastes sweet! This may be why Aspartame/Nutrasweet causes you to crave carbohydrates. Hence, you won\'t lose weight using it.\nBTW, cyclamates got pulled off the market in the 70\'s in the US (but not Canada or the rest of the world) because the sugar industry saw too much of their market disappear.\n\n# Aspartame/Nutrasweet (aspartylphenylalanine-methyl-ester) breaks down to its poison constituents at 86 degrees (Aspartic Acid 40%, Phenylalanine 50%, and Methanol 10%). Remember your stomach is at 98.6 degrees! Therefore you should never use Aspartame/Nutrasweet in hot beverages or cooked foods such as Jello. How the FDA allows this remains a mystery. There is mounting evidence that the ""Burning Mouth Syndrome"" experienced by the Desert Storm troops was actually Methanol poisoning from the Diet Coke they drank lots of, after being exposed to desert temperatures.\n\n# Aspartame/Nutrasweet\'s 10% Methanol appears in the body quickly and is the same alcohol (wood alcohol also in lacquer thinner), that your mother correctly warned you could make you blind. Many skid-row alcoholics had major problems with this cheap but deadly form of alcohol.\n# Aspartame/Nutrasweet\'s 40% Aspartic Acid is an ""excitotoxin"" in the brain and excites neurons to death, i.e. it kills brain cells and causes other nerve damage.\n\n# Aspartame/Nutrasweet triggers Migraine Headaches This even happened to me!. The Usenet is filled with posts by people who have pinned their migraines down to aspartame/Nutrasweet consumption.\n\n# Aspartame/Nutrasweet\'s breakdown products attack the bodies tissues and create Formaldehyde which builds up in the tissues forever. Remember the smelly, eye watering fumes from the frogs you dissected in school? They were preserved with Formaldehyde! Formaldehyde is thought to cause cancer.\nThe American Bottlers Association did not want the FDA to approve Aspartame/Nutrasweet because of what the test report showed. But the FDA approved it anyway!\n\n# Airline pilots stay away from Aspartame/Nutrasweet because they are well aware of the documented dangers.\n\n# Aspartame/Nutrasweet also breaks down to diketopiperazine [DKP] which is proven to cause Brain Tumors! Brain Tumors used to be rare. Several of the rats in the original study formed brain tumors during their Aspartame/Nutrasweet exposure. The researchers surgically removed the tumors and returned the rats to the study and discounted the tumors', 'sure if you drink like a 12 pack a dayfor yur whole life.']]"
EXPERIENCE,['Yes.emimmadot'],"Although not correlated scientifically, A person shared that their relative had to quit soda as it caused or exacerbated their ulcers.","[['It sure can - read this... it tells you what else can cause ulcers and explains what an ulcer is.  My uncle had to stop soda altogether because of this (good luck!):\n\nAn ulcer is an open wound that develops in the tissue of a digestive tract. \n\nThere are two main types of ulcers- \n\nPeptic or gastric ulcers, they form in the stomach. The gastric juice that is produced in the stomach contains hydrochloric acid, mucus, and an enzyme called pepsin. Sometimes, the mixture of pepsin and acids acts on the wall of the digestive tract and the result is a peptic ulcer. \n\nDuodenal ulcer forms in the small intestines near the stomach. They are more common than gastric ulcers. \n\nHow do you know if you have an ulcer? Pain! The pain may occur from 30 to 60 minutes after eating. The pain rarely comes in the morning, but usually follows after lunch and dinner. And it may occur after midnight. \n\nIntense burning pain occurs in the area of the lower chest and/or upper abdomen. Additional symptoms that may be experienced are weight loss, a decrease in appetite, anemia, nausea, and vomiting. \n\nThere may be times when the pain of an ulcer seems to be gone and then it suddenly returns. Pain associated with ulcers affect different people in different ways. \n\nThere are different causes for the formation of ulcers. In some cases the bacterium ""H. pylori"" is responsible for the majority of ulcers. It says that too much stomach acid aggravates the already existing problem. People who develop ulcers usually have a higher concentration of hydrochloric acid than is normal. \n\nSome medications are known to cause ulcers such as those used to relieve the swelling of arthritis. Aditionally care should be taken when using ibuprofen and aspirin since they can cause irritation and bleeding. \n\nTense, ambitious, hard-driving people are more likely to develop ulcers than calm people. Other causes are alcoholic beverages, caffeine, stress, and smoking. Drinks that often contain caffeine are soda, tea, and coffee. Chocolate also contains caffeine and should be avoided. ""The American Medical Association Family Medical Guide"" adds that the elderly are more susceptible to developing a stomach ulcer. People who do not eat regular meals or who are rushed during mealtime are also likely candidates for this type of ulcer. \n\nAlthough uncers can bleed, bleeding due to a stomach ulcer is rare, but it can be very serious. An ulcer that bleeds slowly over a period of time, may eventually lead to anemia, weight loss, decrease in appetite, and infection. A more serious complication of a persistent gastric ulcer is stomach cancer. \n\n\n\nWhen a duodenal ulcer goes untreated, the risks are low. However, bleeding from duodenal ulcers can cause anemia. Heavy bleeding from this type of ulcer may cause nausea, vomiting, and dark stools. Scarring from a duodenal ulcer can also cause a dangerous blockage. \n\nIf you find the above mentioned symptoms, contact the doctor. Immediate medical attention should be given if the patient is vomiting blood, has cold skin accompanied by sweating, faintness, weakness, or is experiencing extreme pain. Early diagnosis and treatment is essential for prompt healing and also to prevent the ulcer from coming back. \n\nThe above is provided for your information, but you are responsible for your own actions to deal with your ulcers or gastro esophageal health problems.  Our information is not medical advice.  You must see your own doctor for medical advice about your gastro esophageal or ulcers.', 'I don\'t know...but 8 is TOO MUCH.\n\n# Aspartame/Nutrasweet is not very sweet in itself, that may be why Equal puts Dextrose (sugar) and maltodextrin as the first ingredients, so that it tastes sweet.\n\n# Aspartame/Nutrasweet is a brain drug that stimulates your brain so you think that the food you\'re eating tastes sweet. If you pay attention you\'ll notice that when using Aspartame/Nutrasweet, everything you eat at the same time also tastes sweet! This may be why Aspartame/Nutrasweet causes you to crave carbohydrates. Hence, you won\'t lose weight using it.\nBTW, cyclamates got pulled off the market in the 70\'s in the US (but not Canada or the rest of the world) because the sugar industry saw too much of their market disappear.\n\n# Aspartame/Nutrasweet (aspartylphenylalanine-methyl-ester) breaks down to its poison constituents at 86 degrees (Aspartic Acid 40%, Phenylalanine 50%, and Methanol 10%). Remember your stomach is at 98.6 degrees! Therefore you should never use Aspartame/Nutrasweet in hot beverages or cooked foods such as Jello. How the FDA allows this remains a mystery. There is mounting evidence that the ""Burning Mouth Syndrome"" experienced by the Desert Storm troops was actually Methanol poisoning from the Diet Coke they drank lots of, after being exposed to desert temperatures.\n\n# Aspartame/Nutrasweet\'s 10% Methanol appears in the body quickly and is the same alcohol (wood alcohol also in lacquer thinner), that your mother correctly warned you could make you blind. Many skid-row alcoholics had major problems with this cheap but deadly form of alcohol.\n# Aspartame/Nutrasweet\'s 40% Aspartic Acid is an ""excitotoxin"" in the brain and excites neurons to death, i.e. it kills brain cells and causes other nerve damage.\n\n# Aspartame/Nutrasweet triggers Migraine Headaches This even happened to me!. The Usenet is filled with posts by people who have pinned their migraines down to aspartame/Nutrasweet consumption.\n\n# Aspartame/Nutrasweet\'s breakdown products attack the bodies tissues and create Formaldehyde which builds up in the tissues forever. Remember the smelly, eye watering fumes from the frogs you dissected in school? They were preserved with Formaldehyde! Formaldehyde is thought to cause cancer.\nThe American Bottlers Association did not want the FDA to approve Aspartame/Nutrasweet because of what the test report showed. But the FDA approved it anyway!\n\n# Airline pilots stay away from Aspartame/Nutrasweet because they are well aware of the documented dangers.\n\n# Aspartame/Nutrasweet also breaks down to diketopiperazine [DKP] which is proven to cause Brain Tumors! Brain Tumors used to be rare. Several of the rats in the original study formed brain tumors during their Aspartame/Nutrasweet exposure. The researchers surgically removed the tumors and returned the rats to the study and discounted the tumors', 'sure if you drink like a 12 pack a dayfor yur whole life.']]"
INFORMATION,"['No, but not all of course you gain weight loss of course']","For information purposes, Antipsychotics (major tranquilizers), are  medications used to treat psychotic illnesses like schizophrenia, bipolar mania, aggression, and certain behavioral issues associated with Alzheimer's disease. They are categorized as neuroleptics and have historically included drugs like haloperidol and chlorpromazine. Recently, a newer class known as Atypical Antipsychotics has been developed, featuring drugs such as clozapine, olanzapine, risperidone, and quetiapine. Atypical antipsychotics are favored for their reduced side effects compared to earlier medications in this class. One could refer to the Wikipedia page on Antipsychotics: http://en.wikipedia.org/wiki/Antipsychotic.","[[""Antipsychotics (sometimes called major tranquilizers) are a class of powerful medications that are used primarily to treat psychotic illnesses (schizophrenia, bipolar mania), aggression, and sometimes the behavioral problems of alzheimer's disease.\n\nNational Institutes of Mental Health: Medications\nhttp://www.nimh.nih.gov/publicat/medicate.cfm\n\nhttp://en.wikipedia.org/wiki/Antipsychotic"", 'ANTIPSYCHOTICS are used for the treatment of psychosis. They are sometimes referred to as Neuroleptics. Some of the earlier drugs in this group were haloperidol and chlorpromazine. In recent years, a new group of antipsychotics has been developed which have fewer side-effects. These are called Atypical Antipsychotics and include clozapine. olanzapine, risperidone and quetiapine.', ""Antipsychotics (sometimes called major tranquilizers) are a class of powerful medications that are used primarily to treat psychotic illnesses (schizophrenia, bipolar mania), aggression, and sometimes the behavioral problems of alzheimer's disease.""]]"
INFORMATION,"['Yes, but assavoir open woundsa bit.']","Cold sores are caused by the contagious herpes simplex virus, while canker sores, which are not contagious, are ulcers that occur in the soft tissues inside the mouth where cold sores do not typically occur.","[[""Cold sores are caused by the herpes simplex virus, and they're contagious. Canker sores, which aren't contagious, are ulcers that occur in the soft tissues inside your mouth, places where cold sores don't occur.""]]"
INFORMATION,"[""<unk>'eseemight of summary only food.""]","For information purposes, apple cider vinegar drys up the food inside of you and gets rid of fat, but it's better to take it with food.","[['yes. it is better to take WITH eat, though.', 'Yes. I went from a size 10 to a 5. Apple cider vinegar is one thing i took. I also drunk lots of water, exercised, and stopped eating red meat. Presently to maintain my ideal weight, i still take 2 tablespoons of apple cider vinegar daily and take ""diet smart"", its a multivitamin/ dietary supplement.', ""IT DRY'S UP THE FOOD INSIDE YOU AND HELP GET RID OF THE FAT"", 'yes (Look for details above)', 'no']]"
EXPERIENCE,"[""sain'sorificesqueeze.""]","In users expereince, one individual successfully went from a size 10 to a size 5 by incorporating apple cider vinegar into their routine. They also adopted healthy habits such as drinking lots of water, exercising, and eliminating red meat from their diet. To maintain their ideal weight, the person continues to take 2 tablespoons of apple cider vinegar daily and supplements with ""diet smart,"" a multivitamin and dietary supplement.","[['yes. it is better to take WITH eat, though.', 'Yes. I went from a size 10 to a 5. Apple cider vinegar is one thing i took. I also drunk lots of water, exercised, and stopped eating red meat. Presently to maintain my ideal weight, i still take 2 tablespoons of apple cider vinegar daily and take ""diet smart"", its a multivitamin/ dietary supplement.', ""IT DRY'S UP THE FOOD INSIDE YOU AND HELP GET RID OF THE FAT"", 'yes (Look for details above)', 'no']]"
INFORMATION,"['You may betons irritable a irritable symptoms oftable bowel syndrome (IBS. bowel syndrome (IBS), which may be irritbs) may be induced by stress, which may be induced by stress or certain foods are bothered by stress or certain foods.']","For information purpose infectious conjunctivitis is generally contagious, while allergic and irritant conjunctivitis are not. Bacterial conjunctivitis has a short incubation period of a few days, whereas viral conjunctivitis may take up to a week to develop.","[['All types of infectious conjunctivitis are contagious and can spread from one eye to the other by touching the eyes. A child can first become infected from direct contact with someone who has the infection or something that person has touched, such as a used tissue. The infectious organisms can also spread through coughing and sneezing. In addition, certain viruses spread in the summertime when children swim in contaminated water or share contaminated towels. \n\nAllergic and irritant conjunctivitis are not contagious. \n\nThe incubation time for bacterial conjunctivitis is a few days. In viral cases, it can be up to a week.', 'up to 10 days, depending on rate of infection']]"
CAUSE,"['Takessknosoily, take vitamin E orEsperultesperulesperulerulinaulinaulina......ita......ita......itas a herbal tablets and take 15 tablets and herbal tablets and u canoz u u can take 15 tablets everyday without harmon the take 15 tablets everyday without harm.im using it everyday without harm.im using it now Nox.im using it now Noxemls it now Noxema pads worked pretty well.ema pads worked pretty well for mexa pads worked pretty well for me when I found pretty well for me when i had mild acne, but i had mild acne, but the most important thing mild acne, but the most important thing is overall hygiene. the most important thing is overall hygiene. 1. Change your skin is overall hygiene. 1. Change ur clothes regularly. 2. Wash ur clothings regularly2. Wash ur body with non-- wash ur body with non-abrain with non- non-abrasive sponge.abrasharsive sponge. 3. Change sive sponge. 3. Use u clothingspist. Use a mild soap and not detergent to bath. mild soap and not detergent to bath. 4. Avoid harsh not detergent to bath. 4. Avoid harsh perfumes perfumesh. Avoid harsh perfumes. 5. Change your body friendly creams. 5. Change ur undies. Do not bleaching your undies regularly 6. Use body friendly cream.']","Some causes of eye infections are direct contact with an infected person or contaminated objects, like tissues. They can also be transmitted through coughing and sneezing. Additionally, swimming in contaminated water or sharing towels in the summer can lead to the spread of these infections.","[['All types of infectious conjunctivitis are contagious and can spread from one eye to the other by touching the eyes. A child can first become infected from direct contact with someone who has the infection or something that person has touched, such as a used tissue. The infectious organisms can also spread through coughing and sneezing. In addition, certain viruses spread in the summertime when children swim in contaminated water or share contaminated towels. \n\nAllergic and irritant conjunctivitis are not contagious. \n\nThe incubation time for bacterial conjunctivitis is a few days. In viral cases, it can be up to a week.', 'up to 10 days, depending on rate of infection']]"
INFORMATION,['Try swallowestasweted saliva immediately after h saliva. Burping. Burphic. Burp. Burp it out. Burp it out burping. Make yourself. Use your middle name. Use your middle name your middle name.'],"For information purposes, there exists a homeopathic alternative remedy for the symptoms of asthma and bronchitis called Asthma Asthma. It helps with breathing difficulties, tightness of chest, wheezing and coughing.","[['I have suffered from acute asthma since I was a Home remedy for asthma\n\nYou should use this infusion when you have an asthma attack or as a prevention measure. \n\n\nComposition and preparation \n\n\n10 grams Marjoram flower tips\n10 grams Minth flower tips\n10 grams Pouliot plant\n20 grams Bouillon blanc\n20 grams Capillaire\n20 grams Poppy flower\n20 grams Eucalyptus leaves\n20 grams Hyssop flower tips\n20 grams Grey lichen\n20 grams Ground Ivy\n20 grams Pine buds\n20 grams Pulmonaire\n20 grams Thyme leaves\n\n\n\n\n¤ Put four tablespoon of the above mix in a non-metallic, heat-resistant pot.\n¤ Pour four glasses of water on top.\n¤ Bring to boil and simmer for three minutes.\n¤ Cover and rest.\n¤ Let infuse for fifteen minutes.\n¤ Filter and drink two glasses during the day or more in case of an attack.\n\n\n\n\nThe quantity prepared of this Home remedy for asthma is enough for two days\n\nAnd stay CALM!', 'Asthma \nAsthma [Respiratory] is a natural homeopathic medicine for control of the symptoms of asthma and bronchitis, including difficulty in breathing, shortness of breath, tightness of chest, wheezing or coughing. Contains 20 percent USP Alcohol.\nCAUTION: For asthma sufferers only. Seek medical assistance immediately if symptoms do not improve within 1 hour or become worse. Do not use this product unless you have been diagnosed by a doctor as having asthma. If you have ever been hospitalized for asthma, or if you currently take any prescription drugs for asthma, use only when directed by a doctor.\nTake 10–15 drops under the tongue every 10–15 minutes or as needed until symptoms improve; then decrease to every one or two hours, then to four times daily until symptoms are relieved. For children under 12, consult your health care professional.\n4 Kids Too! \n\nPurchase Information \nASTHMA (1 FL OZ)  \nStock No.:8704-4 \nQV: 9.85 \nMember Cost: $9.85\nNon-Member Cost: $14.75  \n\nhttp://www.mynsp.com/lifemoreabundantlyinc/products/guide.aspx?stockNum=87044\n\nThere are other options under Advanced Search for Respiratory concerns at the same website.  I truly believe in the Natural route over all of the meds.  I personally have stopped taking all of the meds for a chronic pain syndrome and asthma and seasonal allergies.']]"
SUGGESTION,['Sorry to LPAresunt is said but there is worth going through the answer but there is no simple cure for CPAP is no simple cure for (ob. Obstructive for (obstructiverive sleep obstructive) sleep apnean) sleep apnea.'],"A person who suffered from acute asthma described their go to home remedies which could be employed as preventive care or an active measure during an asthma attack. This infusion  is made of 10 grams of Marjoram flower and Mint flower tips, 10 grams of Pouliot plant, 20 gram sof Bouillon blanc, 20 grams of Capillaire, 20 grams of poppy flower, 20 grams of eucalyptus leaves, 20 grams Hyssop flower tips, 20 grams Grey lichen, 20 grams Ground Ivy, 20 grams Pine buds, 20 grams Pulmonaire and 20 grams Thyme leaves. The ingredients should be mixed in a non-metallic pot in 4 glasses of water. The mixure should be boiled and filtered. It should be consumed 2 times a day, more in case of attacks. They also stated the importance of the natural remedies over other medication as they had stopped using medicines for chronic pain, asthma and other allergies.","[['I have suffered from acute asthma since I was a Home remedy for asthma\n\nYou should use this infusion when you have an asthma attack or as a prevention measure. \n\n\nComposition and preparation \n\n\n10 grams Marjoram flower tips\n10 grams Minth flower tips\n10 grams Pouliot plant\n20 grams Bouillon blanc\n20 grams Capillaire\n20 grams Poppy flower\n20 grams Eucalyptus leaves\n20 grams Hyssop flower tips\n20 grams Grey lichen\n20 grams Ground Ivy\n20 grams Pine buds\n20 grams Pulmonaire\n20 grams Thyme leaves\n\n\n\n\n¤ Put four tablespoon of the above mix in a non-metallic, heat-resistant pot.\n¤ Pour four glasses of water on top.\n¤ Bring to boil and simmer for three minutes.\n¤ Cover and rest.\n¤ Let infuse for fifteen minutes.\n¤ Filter and drink two glasses during the day or more in case of an attack.\n\n\n\n\nThe quantity prepared of this Home remedy for asthma is enough for two days\n\nAnd stay CALM!', 'Asthma \nAsthma [Respiratory] is a natural homeopathic medicine for control of the symptoms of asthma and bronchitis, including difficulty in breathing, shortness of breath, tightness of chest, wheezing or coughing. Contains 20 percent USP Alcohol.\nCAUTION: For asthma sufferers only. Seek medical assistance immediately if symptoms do not improve within 1 hour or become worse. Do not use this product unless you have been diagnosed by a doctor as having asthma. If you have ever been hospitalized for asthma, or if you currently take any prescription drugs for asthma, use only when directed by a doctor.\nTake 10–15 drops under the tongue every 10–15 minutes or as needed until symptoms improve; then decrease to every one or two hours, then to four times daily until symptoms are relieved. For children under 12, consult your health care professional.\n4 Kids Too! \n\nPurchase Information \nASTHMA (1 FL OZ)  \nStock No.:8704-4 \nQV: 9.85 \nMember Cost: $9.85\nNon-Member Cost: $14.75  \n\nhttp://www.mynsp.com/lifemoreabundantlyinc/products/guide.aspx?stockNum=87044\n\nThere are other options under Advanced Search for Respiratory concerns at the same website.  I truly believe in the Natural route over all of the meds.  I personally have stopped taking all of the meds for a chronic pain syndrome and asthma and seasonal allergies.']]"
INFORMATION,"[""I's theor to see i would have' bowel syndrome'if you have your stool tested again' or ibs tested again to see 'ms'""]",Using over-the-counter medicated shampoos is generally effective for most individuals.,"[['Dandruff can have a number of causes, from dry scalp to dermititis. It is now commonly believed that most dandruff is caused by a fungus like organism. The use of over-the-counter medicated shampoos works pretty well for most people. Neutrogena T/Gel and Nizoral are two shampoos that I have used that work very well. Use them every day until dandruff is under control (usually within a week) and then use once or twice per week to keep it under control.\n\nHope this helps.', 'Guard shampoo', 'I got the same problem but I have found that with the shampoos I have to use them all the time I cant use anything elce or it will come back.. I went to the demitologest and he perscribed me a shapoo that kinda worked and a moose that worked well but nothing long term, but he also said that the kind I have is due to stress and I got to chill out so maybe you need to chill to']]"
CAUSE,['You canayetaye try google search engine'],"Dandruff can result from various causes, including dry scalp and dermatitis. A common belief is that a fungus-like organism is a predominant cause of most cases of dandruff.","[['Dandruff can have a number of causes, from dry scalp to dermititis. It is now commonly believed that most dandruff is caused by a fungus like organism. The use of over-the-counter medicated shampoos works pretty well for most people. Neutrogena T/Gel and Nizoral are two shampoos that I have used that work very well. Use them every day until dandruff is under control (usually within a week) and then use once or twice per week to keep it under control.\n\nHope this helps.', 'Guard shampoo', 'I got the same problem but I have found that with the shampoos I have to use them all the time I cant use anything elce or it will come back.. I went to the demitologest and he perscribed me a shapoo that kinda worked and a moose that worked well but nothing long term, but he also said that the kind I have is due to stress and I got to chill out so maybe you need to chill to']]"
EXPERIENCE,['nisestamesnarcole. Try autogenicsncolepsy'],"In users expereince, one individual shares a similar problem with dandruff and notes the necessity of consistently using specific shampoos to prevent its recurrence. Despite trying prescribed products, there hasn't been a long-term solution. The dermatologist suggested that stress may be a contributing factor, advising the person to relax and manage stress levels for potential improvement.","[['Dandruff can have a number of causes, from dry scalp to dermititis. It is now commonly believed that most dandruff is caused by a fungus like organism. The use of over-the-counter medicated shampoos works pretty well for most people. Neutrogena T/Gel and Nizoral are two shampoos that I have used that work very well. Use them every day until dandruff is under control (usually within a week) and then use once or twice per week to keep it under control.\n\nHope this helps.', 'Guard shampoo', 'I got the same problem but I have found that with the shampoos I have to use them all the time I cant use anything elce or it will come back.. I went to the demitologest and he perscribed me a shapoo that kinda worked and a moose that worked well but nothing long term, but he also said that the kind I have is due to stress and I got to chill out so maybe you need to chill to']]"
SUGGESTION,['It is asthornoks suggles. Increase in acne a part of summary to sesex that se of sex hormonesex hormones hormonesex hormones partly affects partly affects is the cause acne development of acne development of growing acne development of acne and pimples acne and pimples pimples.'],"For dandruff, it is recommended to use effective shampoos such as Neutrogena T/Gel and Nizoral. Daily use is advised until dandruff is under control, typically within a week, and then reduce to once or twice per week for maintenance. Additionally, H.1: Guard shampoo is mentioned without specific details.","[['Dandruff can have a number of causes, from dry scalp to dermititis. It is now commonly believed that most dandruff is caused by a fungus like organism. The use of over-the-counter medicated shampoos works pretty well for most people. Neutrogena T/Gel and Nizoral are two shampoos that I have used that work very well. Use them every day until dandruff is under control (usually within a week) and then use once or twice per week to keep it under control.\n\nHope this helps.', 'Guard shampoo', 'I got the same problem but I have found that with the shampoos I have to use them all the time I cant use anything elce or it will come back.. I went to the demitologest and he perscribed me a shapoo that kinda worked and a moose that worked well but nothing long term, but he also said that the kind I have is due to stress and I got to chill out so maybe you need to chill to']]"
SUGGESTION,['It hashone of summary toleas one of the least risk: it is one of the least risky surgeries have risks with the least risky surgeries- there are very few'],"The recommended approach for treating head lice is to use a specialized product like ""RID"" shampoo, following the instructions provided. Combing the hair with the accompanying comb helps remove dead lice and eggs. Additionally, washing bedding and linens in hot water is crucial to prevent reinfestation. Some alternative methods, such as using Vaseline, olive oil, or mayo, may be suggested, but it's essential to follow proven methods and products for effective and timely treatment. DIY remedies might not be as reliable, so it's advised to stick to established treatments to ensure thorough elimination of lice.","[['Go to your local pharmacy or drugstore.  You can purchase a product called ""RID"". Its a shampoo that kills headlice.  Once you\'ve shampooed, you\'ll take the small comb, that comes with the shampoo to comb the hair to remove dead lice or possible eggs that may be attatched.  Very important to stip bed of sheets and pillow cases and wash in hot water as soon as possible, too.   Good luck!  (Rid is sold over the counter, btw..so don\'t be embarrassed.)', 'Rid can sometimes cause damage to the blood and brain cells on the head if there are scratches or open cuts when applied.  Also, not all lice is killed by using Rid.  Try putting either vaseline or olive oil in the hair and on the head.  Wrap with saran wrap for about an hour.  Rinse out.  It kills the lice and the eggs by suffocation.', 'soak ure hair in mayo, like shampoo, and cover it in tin foil', 'GO TO WAL MART I THINK THE THING IS CALLED RID', ""Don't use the stuff you buy in stores, that is a pesticide and it doesn't really work.  This is how I've dealt with headlice.  \n\nThe first thing you have to do is apply a thick coating of either Vaseline or mineral oil to the hair.  Get a plastic shower cap and put it on. Leave the stuff in the hair over the weekend.  When you wash is out, you have to make sure you get all the nits (eggs).  Do this for 3 weekends in a row, and the little critters will all be dead and gone.\n\nIt's also a good idea to vacumn all the carpets and wash the linens and any stuffed toys.  Lice only live for a short time if they aren't on a person, but there is no point taking a chance if you are going to walk around with your head all gooped up for the weekend."", 'Sorry, but I agree w/ kytrailman.  OTC remedies DO work and they\'re a lot safer than some of the other posters have said.  Poor kid.  Don\'t subject him to DIY remedies--get it over with as quickly as you can.\n\nI did want to add one thing.  Make sure you read the directions in the box.  You\'ll probably have to re-apply the product at least once to kill the ""hatchlings"".  That\'s REALLY important.']]"
INFORMATION,"[""Givesenstasunlike anything that fluid build up as the fluid build up to go away behind the fluid goes away behind the -the eardrum. Even eardrum.eardrum. Even if the fluid can still have if the fever is gone away with an a fever is gone, the bacteria infe is gone, the fluid (andrired, the fluid (and the bacteria in it' fluid (and the bacteria in it)can still)can still in it)can still be there. So the ) still be there. So the hearing should improve as the hearing should the hearing should improve as the fluid goes away and make it' the fluid goes away and make sure your daughter finishes the way away and s your daughter finishes the full course of course of your daughter finishes the full course of the Amox. the Amo the Amoxicillin, or the bacteria inoxicillin, or the bacteria in the fluid can start multiplying that in the fluid can start multiplying again and the fluid can start multiplying again and she can end up multiplying again and she can end up even sicker and she can end up even sicker than before.""]","While ""RID"" and other over-the-counter (OTC) remedies are generally considered safe and effective, it's important to follow the instructions provided with the product. Applying the product to an area with open cuts or scratches might cause discomfort, but any risk of damage to blood and brain cells is typically not associated with proper use of lice treatments. These products usually work by suffocating lice and eggs, and while they are generally considered safe, it's essential to use them according to the recommended guidelines to ensure safety and efficacy.","[['Go to your local pharmacy or drugstore.  You can purchase a product called ""RID"". Its a shampoo that kills headlice.  Once you\'ve shampooed, you\'ll take the small comb, that comes with the shampoo to comb the hair to remove dead lice or possible eggs that may be attatched.  Very important to stip bed of sheets and pillow cases and wash in hot water as soon as possible, too.   Good luck!  (Rid is sold over the counter, btw..so don\'t be embarrassed.)', 'Rid can sometimes cause damage to the blood and brain cells on the head if there are scratches or open cuts when applied.  Also, not all lice is killed by using Rid.  Try putting either vaseline or olive oil in the hair and on the head.  Wrap with saran wrap for about an hour.  Rinse out.  It kills the lice and the eggs by suffocation.', 'soak ure hair in mayo, like shampoo, and cover it in tin foil', 'GO TO WAL MART I THINK THE THING IS CALLED RID', ""Don't use the stuff you buy in stores, that is a pesticide and it doesn't really work.  This is how I've dealt with headlice.  \n\nThe first thing you have to do is apply a thick coating of either Vaseline or mineral oil to the hair.  Get a plastic shower cap and put it on. Leave the stuff in the hair over the weekend.  When you wash is out, you have to make sure you get all the nits (eggs).  Do this for 3 weekends in a row, and the little critters will all be dead and gone.\n\nIt's also a good idea to vacumn all the carpets and wash the linens and any stuffed toys.  Lice only live for a short time if they aren't on a person, but there is no point taking a chance if you are going to walk around with your head all gooped up for the weekend."", 'Sorry, but I agree w/ kytrailman.  OTC remedies DO work and they\'re a lot safer than some of the other posters have said.  Poor kid.  Don\'t subject him to DIY remedies--get it over with as quickly as you can.\n\nI did want to add one thing.  Make sure you read the directions in the box.  You\'ll probably have to re-apply the product at least once to kill the ""hatchlings"".  That\'s REALLY important.']]"
INFORMATION,"['Yes, but not all together with the Snickerrsot snicker diet']","Increasing metabolism rate is possible via dieting and exercise. High intensity interval training is a cardio training regimen involving 30 seconds of sprinting followed by 60 seconds of jogging, is said to help increasing the metabolism rate and burn calories faster than other methods.","[['By Execrcise. By Dieting', 'Drinking or eating citrus (oranges for example) in the morning will speed up your metabolism. Also exercising will speed it up as well.', 'eat 5 small meals a day and do 2 30 min sessions of arobic exersise per day.', 'High Intensity Interval Training also speeds up the metabolism.  Its a type of cardio exercise where you sprint for 30 seconds, followed by 60 seconds of light jogging.   Repeeat bout 10-15 times.  Recent studies are showing that this is far more effective at burning calories post workout than any other method.']]"
SUGGESTION,['Try and limeesuncioseingestablishing to the game.'],"It is suggested to consume citrus foods in the morning to increase the rate of metabolism. Aerobic exercising, eating a balanced diet and high intensity interval training is suggested as means to achieve high metabolism rate for burning fat.","[['By Execrcise. By Dieting', 'Drinking or eating citrus (oranges for example) in the morning will speed up your metabolism. Also exercising will speed it up as well.', 'eat 5 small meals a day and do 2 30 min sessions of arobic exersise per day.', 'High Intensity Interval Training also speeds up the metabolism.  Its a type of cardio exercise where you sprint for 30 seconds, followed by 60 seconds of light jogging.   Repeeat bout 10-15 times.  Recent studies are showing that this is far more effective at burning calories post workout than any other method.']]"
INFORMATION,['Some of aswraduring to summarize the causes'],"For information purposes, aDHD is a childhood condition characterized by difficulty controlling behavior and attention. It affects 3-5% of children in the United States, approximately 2 million kids, making it likely that at least one child in a classroom of 25-30 has ADHD.","[[""Attention Deficit / Hyperactivity Disorder (ADHD)\n\nHere's a snippit from the NIMH site:\nAttention Deficit Hyperactivity Disorder (ADHD) is a condition that becomes apparent in some children in the preschool and early school years. It is hard for these children to control their behavior and/or pay attention. It is estimated that between 3 and 5 percent of children have ADHD, or approximately 2 million children in the United States. This means that in a classroom of 25 to 30 children, it is likely that at least one will have ADHD...\n\nRitalin is a drug that is commonly used to treat that you've likely heard of."", 'here is good information to get answer from that internet\n\nhttp://add.about.com/']]"
SUGGESTION,['yes'],Ritalin is a commonly used medication primarily prescribed to treat attention deficit hyperactivity disorder (ADHD).,"[[""Attention Deficit / Hyperactivity Disorder (ADHD)\n\nHere's a snippit from the NIMH site:\nAttention Deficit Hyperactivity Disorder (ADHD) is a condition that becomes apparent in some children in the preschool and early school years. It is hard for these children to control their behavior and/or pay attention. It is estimated that between 3 and 5 percent of children have ADHD, or approximately 2 million children in the United States. This means that in a classroom of 25 to 30 children, it is likely that at least one will have ADHD...\n\nRitalin is a drug that is commonly used to treat that you've likely heard of."", 'here is good information to get answer from that internet\n\nhttp://add.about.com/']]"
INFORMATION,"[""I have's like as, your body - a mom!""]","Changes in urine color, especially if it appears darker or has an unusual hue, can be indicative of potential health issues. A green or bluish tint may suggest an excess of uric acid, possibly leading to the formation of stones, which can be related to liver function or conditions like mononucleosis. Consumption of items with blue or green pigments can also influence urine color. If urine resembles apple juice or has a reddish tint, it may signal the presence of blood, potentially indicating stones or an infection. While lower back pain may be associated with kidney issues, it can also be attributed to muscle discomfort and is not necessarily linked to kidney problems. Seeking medical attention for persistent or concerning changes in urine color and accompanying symptoms is advisable for a proper diagnosis and treatment.","[['If your urine is darker.and you have lower pain in back. But if you need see a doc.', ""If your urine has a strange color or is cloudy frequently there might be a problem.  If it is a green or bluish tint then that means there's too much uric acid that could crystalize into a stone.  The predominance of uric acid can also be caused by the liver.  If you have mono (mono stays in the body for 7 years) then that could cause the discoloration.  Also if you eat or drink things with a lot of blue or green pigment added.\n   If your urine is the color of apple-juice or has a lot of red, then there could be blood and that could indicat a stone or an infection.\n   The kidneys are located in the mid back under the rib-cage.  The ureters (the tubes that carry urine to the bladder) run down through the lower back.  You back pain could be due to aching muscles and are not necesarily due to the kidneys.  \n   The best thing to do is see your doctor about it.""]]"
SUGGESTION,"[""blemending doctor'sortha dermatologist.""]",It is suggested to go see a doctor if you suspect of bad kidneys.,"[['If your urine is darker.and you have lower pain in back. But if you need see a doc.', ""If your urine has a strange color or is cloudy frequently there might be a problem.  If it is a green or bluish tint then that means there's too much uric acid that could crystalize into a stone.  The predominance of uric acid can also be caused by the liver.  If you have mono (mono stays in the body for 7 years) then that could cause the discoloration.  Also if you eat or drink things with a lot of blue or green pigment added.\n   If your urine is the color of apple-juice or has a lot of red, then there could be blood and that could indicat a stone or an infection.\n   The kidneys are located in the mid back under the rib-cage.  The ureters (the tubes that carry urine to the bladder) run down through the lower back.  You back pain could be due to aching muscles and are not necesarily due to the kidneys.  \n   The best thing to do is see your doctor about it.""]]"
INFORMATION,['For informationalstasiie information'],"Bullous pemphigoid (BP) is described as a chronic skin condition characterized by the formation of blisters. The severity of BP can range from mildly itchy welts to severe blisters with the potential for infection. This condition may impact a small localized area of the body or be more widespread. While the majority of individuals affected are elderly, cases have been observed across all age groups. Contrary to the statement, it is essential to note that bullous pemphigoid is not a type of herpes.","[['Bullous pemphigoid (BP) is a chronic blistering of the skin. It ranges from mildly itchy welts to severe blisters and infection, and may affect a small area of the body or be widespread. The vast majority of those affected are elderly, but it has been seen at all ages', 'It is a type of Herpes.\n\nFor more info, check out this site.']]"
INFORMATION,['theelimadosor an A1c'],"For information purposes, addiction is described as a compulsive dependence on substances or behaviors that are psychologically or physically habit-forming, characterized by tolerance and withdrawal symptoms. The central element of addiction lies in the uncontrollable, compulsive craving, seeking, and use of the substance or behavior, even when faced with adverse health and social consequences. Contrary to the misconception that addicts can quit through sheer willpower. Addiction is an illness necessitating biomedical treatment due to alterations in the brain caused by substance or behavioral abuse. Scientists and physicians agree that while individuals may exert control over use and abuse, addiction presents a distinct challenge, often prompting individuals to sacrifice important aspects of their lives in the pursuit of satisfying their addiction.","[[""I'm with Scorpio on this one.  Addiction is defined as the compulsive need for and use of something that is psychologically or physically habit-forming, characterized by tolerance and by well-defined physiological symptoms upon withdrawal; Being abnormally tolerant to and dependent upon a habit forming substance (such as the endorphins caused by throwing up, or the habit forming behavior of bingeing and the fear of gaining weight that leads to purging/laxatives/exercise in bulimia).\n\nWhat matters most is whether or not the substance or behavior causes what we now know to be the essence of addiction: uncontrollable, compulsive drug craving, seeking, and use, even in the face of negative health and social consequences.\n\nAddicts are trapped in their behaviors and cannot simply quit on their own. They have an illness that requires biomedical treatment. People often assume that because addiction begins with a voluntary behavior and is expressed in the form of excess behavior, an addict should just be able to quit by force of will alone. However, it is essential to understand when dealing with addicts that we are dealing with individuals whose brains have been altered by alcohol, drug or behavioral abuse. They need addiction treatment.\n\nToday, scientists and physicians overwhelmingly agree that while use and even abuse of drugs such as alcohol and cocaine is a behavior over which the individual exerts control, addiction to these substances is something different. Scientists have begun to understand why addicted people may sacrifice everything that's important to them -- their jobs, their families, their homes -- in the quest for a fix.\n\nBest,\n\n`k."", 'I happen to agree with your friend. I\'ve had my share of both bulimia and other addictions, and I classify all of them as ""coping mechanisms"" and ""distraction tools"". The only obvious difference between Bulimia Nervosa and a Heroin addiction is the physical addiction related to Heroin. The psychological factors are the same, it\'s simply a way to cope.']]"
EXPERIENCE,['You may beedosoil be itchy pimpleseu'],"In users expereince, one individual, having experienced both bulimia and other addictions, categorizes them all as ""coping mechanisms"" and ""distraction tools."" Drawing a parallel between Bulimia Nervosa and a heroin addiction, the individual notes that the primary distinction lies in the physical addiction associated with heroin. However, the psychological factors driving both behaviors are considered similar, suggesting that both are ways to cope with underlying issues.","[[""I'm with Scorpio on this one.  Addiction is defined as the compulsive need for and use of something that is psychologically or physically habit-forming, characterized by tolerance and by well-defined physiological symptoms upon withdrawal; Being abnormally tolerant to and dependent upon a habit forming substance (such as the endorphins caused by throwing up, or the habit forming behavior of bingeing and the fear of gaining weight that leads to purging/laxatives/exercise in bulimia).\n\nWhat matters most is whether or not the substance or behavior causes what we now know to be the essence of addiction: uncontrollable, compulsive drug craving, seeking, and use, even in the face of negative health and social consequences.\n\nAddicts are trapped in their behaviors and cannot simply quit on their own. They have an illness that requires biomedical treatment. People often assume that because addiction begins with a voluntary behavior and is expressed in the form of excess behavior, an addict should just be able to quit by force of will alone. However, it is essential to understand when dealing with addicts that we are dealing with individuals whose brains have been altered by alcohol, drug or behavioral abuse. They need addiction treatment.\n\nToday, scientists and physicians overwhelmingly agree that while use and even abuse of drugs such as alcohol and cocaine is a behavior over which the individual exerts control, addiction to these substances is something different. Scientists have begun to understand why addicted people may sacrifice everything that's important to them -- their jobs, their families, their homes -- in the quest for a fix.\n\nBest,\n\n`k."", 'I happen to agree with your friend. I\'ve had my share of both bulimia and other addictions, and I classify all of them as ""coping mechanisms"" and ""distraction tools"". The only obvious difference between Bulimia Nervosa and a Heroin addiction is the physical addiction related to Heroin. The psychological factors are the same, it\'s simply a way to cope.']]"
QUESTION,['a asirhives'],Follow up questions were asked if the inquirer is eating and drinking water.,"[['Ask your doctor.  Are you eating ??  Drinking water ??', 'You should call your M.D. - you should also put more fiber in your diet, drink more water and eat fruits and veggies(apples and mango are great for this)']]"
SUGGESTION,['noeyalot of usalot!'],"It is suggested to consult with a doctor for personalized advice on the matter. Additionally, incorporating more fiber into your diet, staying hydrated, and consuming fruits and vegetables, such as apples and mangoes, is recommended for potential relief. Seeking professional medical guidance is crucial, and these dietary adjustments are offered as general suggestions.","[['Ask your doctor.  Are you eating ??  Drinking water ??', 'You should call your M.D. - you should also put more fiber in your diet, drink more water and eat fruits and veggies(apples and mango are great for this)']]"
INFORMATION,['saikudoiechin up.'],Human papilloma virus (HPV) is a common sexually transmitted disease that can spread by contact. A condom can reduce the chances but it cant always protect one from contracting HPV. One can have HPV active on their skin without developing any warts.,"[[""HPV can be spread even without a condom.  Unfortunately there is no way to protect yourself 100% from HPV, although the risk is reduced if a condom is used.  HPV can be active in the skin, even though there are no warts present.  This means that you (or your partner) can have the virus and not even know it.  It stands to reason then, that HPV is one of the most common sexually transmitted infections.  My family doctor told me to just assume that everyone who has had more than 2 sexual partners in his/her lifetime has it.\n\nUPDATE: Based on later answers, I wanted to address mutual m*sterbation.  You CAN get HPV from mutual mast.  HPV warts can be microscopic, invisible to the naked eye.  If you touch your partner's genitals and then touch your own with the same hand, you have most likely just put the HPV virus on your own skin.  Whether or not you will develop warts/lesions is unpredictable.  Some people have HPV but never show any lesions."", 'Wearing a condom helps, but nothing is 100% safe.', 'Have you ever heard of mutual mas*u*b*t*on no-contact ??']]"
QUESTION,"[""the doctor'esticlearguy""]",In a followup query a person suggested no contact masturbation as a way to avoid spreading genital warts.,"[[""HPV can be spread even without a condom.  Unfortunately there is no way to protect yourself 100% from HPV, although the risk is reduced if a condom is used.  HPV can be active in the skin, even though there are no warts present.  This means that you (or your partner) can have the virus and not even know it.  It stands to reason then, that HPV is one of the most common sexually transmitted infections.  My family doctor told me to just assume that everyone who has had more than 2 sexual partners in his/her lifetime has it.\n\nUPDATE: Based on later answers, I wanted to address mutual m*sterbation.  You CAN get HPV from mutual mast.  HPV warts can be microscopic, invisible to the naked eye.  If you touch your partner's genitals and then touch your own with the same hand, you have most likely just put the HPV virus on your own skin.  Whether or not you will develop warts/lesions is unpredictable.  Some people have HPV but never show any lesions."", 'Wearing a condom helps, but nothing is 100% safe.', 'Have you ever heard of mutual mas*u*b*t*on no-contact ??']]"
EXPERIENCE,"[""ad'simmovsexperioveltervulation.""]",As per doctor's advice it can be assumed that people with multiple sexual partners are at increased risk of contracting HPV.,"[[""HPV can be spread even without a condom.  Unfortunately there is no way to protect yourself 100% from HPV, although the risk is reduced if a condom is used.  HPV can be active in the skin, even though there are no warts present.  This means that you (or your partner) can have the virus and not even know it.  It stands to reason then, that HPV is one of the most common sexually transmitted infections.  My family doctor told me to just assume that everyone who has had more than 2 sexual partners in his/her lifetime has it.\n\nUPDATE: Based on later answers, I wanted to address mutual m*sterbation.  You CAN get HPV from mutual mast.  HPV warts can be microscopic, invisible to the naked eye.  If you touch your partner's genitals and then touch your own with the same hand, you have most likely just put the HPV virus on your own skin.  Whether or not you will develop warts/lesions is unpredictable.  Some people have HPV but never show any lesions."", 'Wearing a condom helps, but nothing is 100% safe.', 'Have you ever heard of mutual mas*u*b*t*on no-contact ??']]"
EXPERIENCE,"['This hashone hernialga hernia A hernidnia is nia is a is a condition in which is a condition in which occurs inguinalignit in which part of which part of the groinguinal part of the intestined hernia intestine bulge. It is inguinal bulges through s a herns through a weak area between the a weak spot inguinal area between the groin between layers of muscle near the abdomen and groe abdominal muscle near the thigh and groin the thigh. It is called groinguin. It is called ""ingu a Symptoms called ""inguinal"" because the a hernal"" because the intestinenia because the intestines push through the intestines push through a weak spot in the push through a weak spot in the inguinal the weak spot in the inguinal canal, triangle- the inguinal canal, which is shaped opening between layers of which is a triangle- between layers of the a triangle-shaped openings of abdominal muscle wall-shaped opening between layers of abdominal muscle near the opening between layers of abdominal muscle near the t layers of abdominal muscle near the groin of abdominal muscle near the groin. It is called the groin. It is called ""ingu . It is called ""inguinal"" It is called ""inguinal"" because the main treatment inguinal"" because the intestinal herna because the intestines push through the intestines pushes through intestines push through a weak spot in a through a weak spot in the in a weak spot inguinal the inguinal canal in the inguinal canal, which is aguinal canal, which is a triangle- , which is a triangle-shaped opening between layers of a-shaped opening between layers of abdominal muscle near the opening between layers of abdominal muscle near the gro and the abdominal muscle near the groin.']","In users experience, an individual shares a personal experience regarding the timing of taking birth control. While the usual routine is in the morning, occasional forgetfulness has led to taking it after work. The person notes that this schedule variation has not posed any issues for them with regard to birth control effectiveness.","[[""wow...you need to calm down.  Yea, you should try to take it at the same time everyday, or as close as possible.  i usually take mine in the am but sometimes i forget and have to take it after work.  hasn't ever beena prob for me.  use condoms also and you should be fine."", ""no you really shouldn't mess like this an hour either side of 5 is safe but to mess to much is asking for babies.""]]"
SUGGESTION,['Yes'],"It is suggested to maintain consistency in taking birth control at the same time every day or as close as possible for optimal effectiveness. Additionally, using condoms is recommended for added protection. While a one-hour difference on either side of the usual time is considered safe by one respondent, there is a caution against deviating too much from the recommended timeframe to minimize the risk of unintended pregnancies. Prioritizing regularity in birth control use is strongly emphasized.","[[""wow...you need to calm down.  Yea, you should try to take it at the same time everyday, or as close as possible.  i usually take mine in the am but sometimes i forget and have to take it after work.  hasn't ever beena prob for me.  use condoms also and you should be fine."", ""no you really shouldn't mess like this an hour either side of 5 is safe but to mess to much is asking for babies.""]]"
INFORMATION,['best answer one'],"For information purposes, the first statement advises against consuming Jello at night due to its high sugar and calorie content, while suggesting that eating oranges is a better choice as they are a fat-free fruit. The second statement questions this advice, pointing out that sugar-free Jello is a low-calorie option, and oranges, despite being low in calories, are questioned for being high in carbohydrates and potentially not suitable for consumption at night.","[['Well,Jello is probably a bad idea because it has alot of sugar and calories.But oranges are just a fat-free fruit,so eating oranges at night,or anytime of the day,is ok.', 'Sugar-free jello is fat, sugar and calorie free- so why not?  Oranges are pretty low cal.  I often eat a whole grapefruit as my late night snack before bed.', ""Oranges just before bed give me bad heartburn in the middle of the night.  Also, aren't oranges very high in carbohydrates and shouldn't be eaten at night?""]]"
EXPERIENCE,['It is amenasimido'],"In users experience, an individual eats a whole grapefruit as a late night snack. Another individual gets heartburn in the middle of the night after eating  oranges before bed.","[['Well,Jello is probably a bad idea because it has alot of sugar and calories.But oranges are just a fat-free fruit,so eating oranges at night,or anytime of the day,is ok.', 'Sugar-free jello is fat, sugar and calorie free- so why not?  Oranges are pretty low cal.  I often eat a whole grapefruit as my late night snack before bed.', ""Oranges just before bed give me bad heartburn in the middle of the night.  Also, aren't oranges very high in carbohydrates and shouldn't be eaten at night?""]]"
SUGGESTION,['Consider your limpi. Weigh yourself skinny.'],"It suggested to consider cough syrup with expectorant properties like Robitussin can help loosen phlegm, honey and lemon juice provide soothing relief, steam from a hot tub or shower with eucalyptus or menthol tablets can ease congestion. Mint teas are great for soothing and clearing airways. Incorporate cayenne, horseradish, garlic, and ginger in your diet to address sinus issues. Avoid smoking, change your sheets to minimize germ exposure, and stay warm and dry. Consistent use of cough syrup and ample hydration are key to recovery.","[['You needs a cough syrup that has expectorant(?) such as rubitussin to help loosen the phlegm.Also honey and lemon juice helps.', ""Careful with the expectorants, though they can be a great benefit, just don't overdo it. There's tons of over the counter ones. You can also sit in a hot tub, try for the sauna action with all the steam. To make that even better, they have these tablets you put in the bottom of your shower that are full of eucalyptus or mentholatum, and that breaks it up too, just ask at your local pharmacy. Mint teas help soothe and release, and cayenne, horseradish, garlic and ginger all have things that work up into the sinuses to help stop the phlegm from running down the back of your throat, so as much as you can stomache in soup, etc works wonders. Don't smoke while you're phlegmy. And change your sheets! Any germs you have are harbored there more than anywhere! Stay out of the cold damp as much as possible, and good luck! I hope you feel better!"", 'Regular doses of cough syrup and LOTS of liquids.']]"
INFORMATION,"[""I have'esi..""]","If not treated, it can take anywhere from 3 to 6 weeks also depending how severe it is.","[['Depending on the severity, up to 6 weeks time.', 'I pulled a hamstring last January, took 6 to 8 months to heal, then found out I also herniated a disc, which is now pressing on a nerve! Ouch! Still trying to treat. Good Luck!', ""Up to 3 weeks or more if not treated. what you should do is ice it every day for 10-15mins.rub into the tissue and don't do anything with it that would make it have to work hard.""]]"
SUGGESTION,['a time toeesoil be healthier way tolerate.'],"Apply ice to the affected area for 10-15 minutes each day massage the area, and avoid activities that strain the affected tissue.","[['Depending on the severity, up to 6 weeks time.', 'I pulled a hamstring last January, took 6 to 8 months to heal, then found out I also herniated a disc, which is now pressing on a nerve! Ouch! Still trying to treat. Good Luck!', ""Up to 3 weeks or more if not treated. what you should do is ice it every day for 10-15mins.rub into the tissue and don't do anything with it that would make it have to work hard.""]]"
EXPERIENCE,"[""Iemeaterirut can's. It could probally bind. It could probally if you if you ifly u eat eat enough of you eat enough of enough of it, it, it, it, it, it can make you can make you can make you constip""]","Last January one user injured their hamstring which took 6 to 8 months to heal. Later, they discovered this user had a herniated disc that is now pressing on a nerve.","[['Depending on the severity, up to 6 weeks time.', 'I pulled a hamstring last January, took 6 to 8 months to heal, then found out I also herniated a disc, which is now pressing on a nerve! Ouch! Still trying to treat. Good Luck!', ""Up to 3 weeks or more if not treated. what you should do is ice it every day for 10-15mins.rub into the tissue and don't do anything with it that would make it have to work hard.""]]"
QUESTION,['syas AIDS is AIDS is AIDS is -- a disease a disease a disease characterized by the destruction of the destruction of the destruction of the destruction of the human immune system of the human immune system of the immune system.'],"It is inquired if it is inside the vagina or outside, if they have checked with a mirror or if it is related to their cycle","[['It may be that you have a nerve that is just sensitive in that location. Is it inside your vagina or outside? Have you ever grabbed a mirror and checked it out?\n\nIs it related to your cycle at all?', 'if his dick is more than 7.5 in, dont allow him to fuck with ur legs open. close ur legs after he enter.']]"
CAUSE,['Itssemir as suggested'],It can be bad chess that causes your stomach to not feel good instead of you being allergic.,"[[""not all the time, it could be bad cheese. but you can go to an allergy doctor (i'm not sure what they're called) and get tested. all they do ispoke you witha piece of plastic and see if your allargic and if ur skin swells up."", 'I thing you are an allergic to that food because I understand that the pain start after you eat cheese so it means you have an allergy.Also I know that milk,and the product that has milk inside can make allergy 70% of people.My sister also have kind of thing like that.When she drink just little bit milk, she suddenly get stomache pains and  nausea so we have to take her hospital.The doctor told she has an allergy.\nYou have to see allergist.I hope you will feel better.', 'you should go to an allergist...']]"
EXPERIENCE,['For information'],"Milk and milk-containing products can cause allergies in about 70% of people. Drawing a parallel, an individual's sister experiences stomach pains and nausea after consuming even a small amount of milk, leading to a hospital visit where she was diagnosed with an allergy. The suggestion for the individual to see an allergist is made in the hope that seeking specialized medical advice will contribute to their well-being and potentially alleviate any allergy-related symptoms they may be experiencing.","[[""not all the time, it could be bad cheese. but you can go to an allergy doctor (i'm not sure what they're called) and get tested. all they do ispoke you witha piece of plastic and see if your allargic and if ur skin swells up."", 'I thing you are an allergic to that food because I understand that the pain start after you eat cheese so it means you have an allergy.Also I know that milk,and the product that has milk inside can make allergy 70% of people.My sister also have kind of thing like that.When she drink just little bit milk, she suddenly get stomache pains and  nausea so we have to take her hospital.The doctor told she has an allergy.\nYou have to see allergist.I hope you will feel better.', 'you should go to an allergist...']]"
SUGGESTION,"['summary sum up to summarizeeta NORVASIt the content of Caduealinclude. Amloet, asodipinet, a combniine bes combniation pill that is one ofniation pill that includes Norvascdation pill that includes Norvasc (amland includes Norvasc (amlodipinevac (amlodipine besc) and besine besylate) and Lipitr) and lipitor Lipitor (atorvastatin (ator (atorvastatin calcium']",It is suggested to go see an allergy doctor and get tested since they only poke you with a piece of plastic and see if your skins wells up.,"[[""not all the time, it could be bad cheese. but you can go to an allergy doctor (i'm not sure what they're called) and get tested. all they do ispoke you witha piece of plastic and see if your allargic and if ur skin swells up."", 'I thing you are an allergic to that food because I understand that the pain start after you eat cheese so it means you have an allergy.Also I know that milk,and the product that has milk inside can make allergy 70% of people.My sister also have kind of thing like that.When she drink just little bit milk, she suddenly get stomache pains and  nausea so we have to take her hospital.The doctor told she has an allergy.\nYou have to see allergist.I hope you will feel better.', 'you should go to an allergist...']]"
SUGGESTION,"[""I have'esosiivyem'""]",Using fade creams like Esoterica and Porcelana or skin bleaches can help with dark spots,"[['lick them', 'A fade cream such as Esoterica or Porcelana', 'Bleach']]"
INFORMATION,"['Yes, I. height tonone of course']","Regarding claiming disability with COPD, eligibility may depend on factors such as qualifying for oxygen therapy or having significantly impaired pulmonary function tests. To explore disability options, one should consult their primary doctor or pulmonologist, as they can provide the necessary information and fill out the required paperwork.","[['More than likely you can claim disability if you qualify for oxygen, or have extremely poor pulmonary function tests.  Your primary doctor or pulmonogist is the one has to fill out the paperwork, so they would be the ones with the answers.', 'It depends on the company you are using (disablity insurance). It is a disablity. You should ask your company.']]"
SUGGESTION,"['s<unk>udoblichesthirsobliecular chair, crunyclesheres, crunches, crunut, crunches, crunches, roman chair, roman chair lifts, roman chair, scissors, chair, scis chair, scissors, leg liftssss, leg lifts, etc., leg lifts, etc.']","Regarding claiming disability for COPD, it depends on the specific disability insurance company and their policies. It is advisable to inquire with the insurance company to determine if COPD qualifies for a disability claim.","[['More than likely you can claim disability if you qualify for oxygen, or have extremely poor pulmonary function tests.  Your primary doctor or pulmonogist is the one has to fill out the paperwork, so they would be the ones with the answers.', 'It depends on the company you are using (disablity insurance). It is a disablity. You should ask your company.']]"
INFORMATION,[': limesemullet it will stay indigestible'],Monosodium glutamate (MSG) and aspartame are generally considered bad for health because MSG is said to cause addiction and aspartame is considered a potential carcinogen.,"[['msg is addictive and aspartame is has been linked to cancer...', ""MSG is high in sodium, plus some people are allergic to it. Some people believe aspartame causes brain cancer. I don't believe any of it and drink an MSG/Aspartame smoothie for breakfast every morning.""]]"
INFORMATION,['Yes'],"In the context of the human body, ""gastric"" refers to the stomach. Therefore, a gastric ulcer is an ulcer located in the stomach, and a gastric tube is a tube inserted into the stomach, among other examples.","[['If you mean in terms of the human body, gastric means stomach.  So a gastric ulcer is an ulcer in the stomach, and a gastric tube is a tube inserted into the stomach, etc....']]"
INFORMATION,"[""summaryally'tonsoresess""]","You personally received a diagnosis of a heart murmur a few years ago, but when checked by a cardiologist, it was deemed not concerning. Many people, including healthy children and pregnant individuals, may have ""innocent"" heart murmurs that do not require treatment. Some heart murmurs, however, can indicate serious heart problems, such as valve issues or congenital defects. The heart murmur is an extra sound, like a whooshing, caused by irregular blood flow through the heart valves. It can be detected during routine physical examinations and, if necessary, further examination by a cardiologist. Symptoms may include chest pain, rapid heartbeat, breathlessness, fatigue, and bluish skin color in some cases. A heart murmur could also be associated with a hole in the heart. Thorough examination and appropriate tests help determine the cause of the heart murmur, and treatment may involve medication, surgery, or precautions against infections. The sound of a heart murmur is distinct from normal heart sounds and is audible through a stethoscope.","[['I personally was diagnosed with one a few years ago was sent to a cardiologist who said it was nothing to worry about it.  Since then, it was not detected when I had physicals.  I know many people who were diagnosed with them and they were nothing.\n\nHere\'s some info from webmd:\n\n\nIn particular, they occur in many healthy children, who may or may not outgrow them as adults. They may also occur during pregnancy. Such murmurs are called ""innocent"" heart murmurs. They are not associated with medical or heart conditions, and do not require treatment or lifestyle changes.\n\n\nThough many murmurs are innocent, some may indicate serious heart problems. For instance, heart murmurs may be caused by blood flowing through a heart valve made leaky or narrow by disease. Murmurs can also be caused by increased blood flow across a valve as a result of medical conditions such as anemia or hypothyroidism. Congenital cardiac defects (heart problems present at birth) can also cause heart murmurs. These often can be repaired with surgery.\n\nWithin the heart there are four chambers separated from each other by valves, or flaps, that regulate how much blood enters each chamber at any time. Healthy valves also help prevent blood from flowing in the wrong direction in your heart.\n\nA healthy heart makes a ""lub-dub"" sound as it beats. The ""lub"" (systolic sound) happens when part of the heart contracts and the mitral and tricuspid valves close, and the ""dub"" (diastolic sound) occurs when part of the heart relaxes and the aortic and pulmonic valves close. A heart murmur is an extra sound, such as a whooshing, in the heartbeat caused by irregular blood flow through the heart valves.\n\nHeart murmurs can be heard through a stethoscope and often are detected during routine physical examinations. On further examination, your doctor may find that the heart murmur is innocent. If your heart murmur is related to more serious heart problems, your doctor may refer you to a cardiologist (heart specialist). Medication or surgery may be recommended to treat the underlying problem. He or she may also suggest that you take extra precautions against getting a heart infection, such as by taking antibiotics when you have dental work or some surgeries. With thorough examination and proper tests, your doctor should be able to tell what causes your heart murmur.\n\nSymptoms\nMany people with heart murmurs experience no symptoms. However, some murmurs can occur in conjunction with these other symptoms:\n\n    * Chest pain\n    * Rapid heartbeat (palpitations)\n    * Breathlessness\n    * Fatigue\n    * Bluish skin color or fingertips (sometimes seen in babies with congenital heart defects)', 'it is a hole in the heart', 'murmur is the sound that appear when there is something that disturb the flow of blood when it pass through the valves of the heart', 'It\'s a sound made as blood flows over a heart valve. Normal heart sounds don\'t make the ""whoosh"" that a murmur does. Diseased heart valves make eddy currents and so the ""whoosh"" is audible in the doctor\'s stethescope.', 'http://en.wikipedia.org/wiki/Heart_murmur']]"
INFORMATION,['sastasoresooth the best to stop eating before bed rest your e'],"Excessive use of cold medications can disrupt sleep patterns, impacting the quality of rest.","[['home made chicken soup', ""Although it's a bit late now, the cheapest means of getting over a cold is a healthy diet, regular exercise, and a reduction of stress in your lifestyle. That's the best way to PREVENT the cold to begin with, making it the cheapest overall remedy.\n\nHere's something interesting: once you're showing the symptoms of a cold (sneezing, body aches, runny nose, etc.) you've already HAD the cold and your body is casting off the byproducts of the virus.\n\nAnd, because a cold is based in a virus, you don't really catch the same cold again. Your body adapts to that viral strain. If you catch another cold right after you just get over your last one, it's a new cold and you came down with it because your immune system was already depressed from the most recent one."", 'Chicken soup and Advil cold&Sinus...works wonderful and just het some rest', ""The least expensive is just plain rest and taking care of yourself.\n\nIf you've been taking a lot of cold meds, they can mess with your system and cause you to not sleep well.  If it's the stuffiness that keeps you from sleeping try a vaporizer to help clear your sinuses. (A crock pot set on low makes a good vaporizer.  Just be careful where you place it.)\n\nFor stuffiness and headaches, you can make a mixture of a couple tablespoons of olive oil and a few drops of lavender oil then massage around your eyes. (Don’t get real close to your eye.)  Placing a warm moist cloth over your eyes after the massage will also help."", 'Gargle with 3% H2O2 every hour until relieved.', 'An excellent remedy is ginger tea.Add a small tsp each of ginger pwd, fennel seeds pwd,cinnamon pwd and a pinch of clove pwd to a cup of boiled water and let it sit covered for 10 mts.Strain and drink.You can have this tea a couple of times a day.\nFor more natural remedies check the link below\nhttp://indiacuisine.blogspot.com/2006/01/natural-home-remedies-to-fight-common.html']]"
SUGGESTION,['a and ...'],"To alleviate a cold, prioritize a healthy lifestyle with a balanced diet, exercise, and stress reduction. Consider using Advil Cold & Sinus for symptom relief and ensure ample rest. For congestion, use a crockpot as a vaporizer, taking caution with placement. Address stuffiness and headaches by massaging a mixture of olive and lavender oil around the eyes, followed by a warm cloth. Gargle with 3% hydrogen peroxide hourly. Try ginger tea by infusing ginger, fennel seeds, cinnamon, and clove in boiled water; consume twice daily.","[['home made chicken soup', ""Although it's a bit late now, the cheapest means of getting over a cold is a healthy diet, regular exercise, and a reduction of stress in your lifestyle. That's the best way to PREVENT the cold to begin with, making it the cheapest overall remedy.\n\nHere's something interesting: once you're showing the symptoms of a cold (sneezing, body aches, runny nose, etc.) you've already HAD the cold and your body is casting off the byproducts of the virus.\n\nAnd, because a cold is based in a virus, you don't really catch the same cold again. Your body adapts to that viral strain. If you catch another cold right after you just get over your last one, it's a new cold and you came down with it because your immune system was already depressed from the most recent one."", 'Chicken soup and Advil cold&Sinus...works wonderful and just het some rest', ""The least expensive is just plain rest and taking care of yourself.\n\nIf you've been taking a lot of cold meds, they can mess with your system and cause you to not sleep well.  If it's the stuffiness that keeps you from sleeping try a vaporizer to help clear your sinuses. (A crock pot set on low makes a good vaporizer.  Just be careful where you place it.)\n\nFor stuffiness and headaches, you can make a mixture of a couple tablespoons of olive oil and a few drops of lavender oil then massage around your eyes. (Don’t get real close to your eye.)  Placing a warm moist cloth over your eyes after the massage will also help."", 'Gargle with 3% H2O2 every hour until relieved.', 'An excellent remedy is ginger tea.Add a small tsp each of ginger pwd, fennel seeds pwd,cinnamon pwd and a pinch of clove pwd to a cup of boiled water and let it sit covered for 10 mts.Strain and drink.You can have this tea a couple of times a day.\nFor more natural remedies check the link below\nhttp://indiacuisine.blogspot.com/2006/01/natural-home-remedies-to-fight-common.html']]"
INFORMATION,['It isle(stasot is suggested.'],"Effective acne management involves both self-care and medical treatments. For self-care, individuals can wash their face once or twice daily using soap or over-the-counter cleansers, avoiding excessive scrubbing. Over-the-counter medications with benzoyl peroxide can be used, along with noncomedogenic cover-up products. In more severe cases, prescription treatments like antibiotics (topical or oral) and retinoids may be recommended. It's essential to follow directions, be consistent in application, and consult a healthcare professional for personalized advice, considering potential side effects and interactions.","[['DISCLAIMER: Before using any medicines, you should consult a registered physiscian. This is only for information.\n\nAcne Treatment\n\n|Self-Care at Home|\n\n    * Wash once or twice daily with soap and water to remove excess oil from the skin. An acne cleanser purchased over-the-counter in any drug store can also be helpful. Avoid scrubbing too abrasively because this can actually irritate the skin and cause acne to worsen.\n\n    * Over-the-counter acne medications can be used either at bedtime or during the day. Always follow the directions on any acne product.\n\n    * Many cover-up products are available without a prescription to improve the appearance of blemishes while they have a chance to heal. Most work well and should not worsen acne.\n\n    * Some cosmetics and other skin care products, however, can cause acne to worsen. Look for make-up, cosmetics, and skin care products labeled with the word noncomedogenic. This means that it does not cause or worsen acne.\n\n|Medical Treatment|\n\nMany treatment options are available to treat all forms of acne. Medications are the main treatment for acne and usually work well. Several preparations are available over-the-counter, while others require a prescription from a doctor.\n\n    * Over-the-counter medications: Nonprescription or over-the-counter medications for acne are plentiful and can be effective for milder forms of acne. They come in the form of soaps, washes, and cleansers.\n\n          o Many contain benzoyl peroxide, which does two things. First, benzoyl peroxide kills the acne-causing bacteria, which are thought to play a role in acne. Second, benzoyl peroxide can cause drying and flaking off of skin, which can help prevent the pores from becoming plugged. Plugged pores can develop into acne blemishes.\n\n          o Scrubbing excessively with any over-the-counter preparation can actually cause acne to worsen by additionally irritating the hair follicles.\n\n    * Prescription medications: Doctors can prescribe medications when acne becomes moderate to severe or is not controlled by over-the-counter medications. Prescription drugs can be used effectively alone or in combination with other prescription and nonprescription medications.\n\n          o Antibiotics: Antibiotics can be effective in treating most inflammatory acne (papules and pustules). They work by killing the bacteria and also by decreasing the redness and swelling seen in the inflammatory forms of acne.\n\n                + Antibiotics may be applied to the skin in the form of gels and lotions, or by way of pills. We now know that using a combination of 2 medications together may be very effective in treating acne. Using a topical antibiotic with topical benzoyl peroxide, for example, may prevent bacterial resistance to the antibiotic. Giving an antibiotic by mouth is often needed for acne that is more extensive, red, and tender.\n\n                + Antibiotics taken by mouth can be associated with more side effects than if applied to the skin and may interact with other medicines such as birth control pills. Sensitivity to the sun can result in a ""bad sunburn"" in some people who take the antibiotic tetracycline by mouth.\n\n          o Retinoids: Medicines made from vitamin A (retinoids) are useful in treating several types of acne lesions. Topical retinoids are effective in treating the noninflammatory types of acne (blackheads and whiteheads).\n\n                + Topical retinoids (applied directly to the skin) help to open clogged pores by creating a mild peeling effect. Drying of the skin can be a frequent side effect. Oral retinoids are reserved for treating the more extensive nodular type of acne or severe inflammatory acne, which has not responded to other treatments. Oral retinoids not only have a peeling effect but also decrease the production of oil.\n\n                + They can also be associated with a number of serious side effects including birth defects in babies of wome', 'GET PROACTIVE--IT DOES WORK', ""I had acne for about 12 years, and it wouldn't go away inspite of the soaps, creams, lotions and antibiotics that I had used.  I got rid of acne after doing a treatment for candida.  I took herbal antifungals, lactobacillus acidophilus, and I was following an anti-candida diet."", 'Acne takes years to get rid of. Many people right away use OTC medicine to cure it. Destorying the live bacteria on the face is a critical action. You should get rid of acne at the first sign. Chasing pimples all over your face becomes hectic but its the only way. Some people are allergic to bacteria killing medicine such as benzoyl peroxide and clindamycin. \nTry using these medicines:\n1) Differin Topical Gel\n2) Clearsal Brand Fighter.\n3) Oxy\n4) Proactiv (RISK: Increased Acne)\nRx:\n1) Adoxa (Doxycyline Tablets)\n2) Duac Topical Gel\n\nRemember, allowing more oils and creams/lotions to your face means more blockage and heat to be stored. This causes the over size pimple. Make sure you have some sort of invigorating rubbing cream. St.Ives apricot scrub is the best.\nIf else fails, seek your Physician. An expert germ physician. At young acne years, doctors might perscribe you with bacteria killing pills. This is excellent. A topical gel working on the exterior side and an bacteria killing pill working interior.']]"
EXPERIENCE,"[""adit's -- Bananaiously'nix. Bananasedothingsamas are good after 's are good after running after a run. Banana run.a run. Bananas. Banan. Bananas are good protein after as are good after if you run is good after a run.""]","In users expereince, one individual shared a personal experience of successfully treating acne that persisted for 12 years by addressing a potential underlying issue of candida. The individual implemented a treatment plan that included herbal antifungals, lactobacillus acidophilus, and followed an anti-candida diet. This approach resulted in the resolution of the acne problem.","[['DISCLAIMER: Before using any medicines, you should consult a registered physiscian. This is only for information.\n\nAcne Treatment\n\n|Self-Care at Home|\n\n    * Wash once or twice daily with soap and water to remove excess oil from the skin. An acne cleanser purchased over-the-counter in any drug store can also be helpful. Avoid scrubbing too abrasively because this can actually irritate the skin and cause acne to worsen.\n\n    * Over-the-counter acne medications can be used either at bedtime or during the day. Always follow the directions on any acne product.\n\n    * Many cover-up products are available without a prescription to improve the appearance of blemishes while they have a chance to heal. Most work well and should not worsen acne.\n\n    * Some cosmetics and other skin care products, however, can cause acne to worsen. Look for make-up, cosmetics, and skin care products labeled with the word noncomedogenic. This means that it does not cause or worsen acne.\n\n|Medical Treatment|\n\nMany treatment options are available to treat all forms of acne. Medications are the main treatment for acne and usually work well. Several preparations are available over-the-counter, while others require a prescription from a doctor.\n\n    * Over-the-counter medications: Nonprescription or over-the-counter medications for acne are plentiful and can be effective for milder forms of acne. They come in the form of soaps, washes, and cleansers.\n\n          o Many contain benzoyl peroxide, which does two things. First, benzoyl peroxide kills the acne-causing bacteria, which are thought to play a role in acne. Second, benzoyl peroxide can cause drying and flaking off of skin, which can help prevent the pores from becoming plugged. Plugged pores can develop into acne blemishes.\n\n          o Scrubbing excessively with any over-the-counter preparation can actually cause acne to worsen by additionally irritating the hair follicles.\n\n    * Prescription medications: Doctors can prescribe medications when acne becomes moderate to severe or is not controlled by over-the-counter medications. Prescription drugs can be used effectively alone or in combination with other prescription and nonprescription medications.\n\n          o Antibiotics: Antibiotics can be effective in treating most inflammatory acne (papules and pustules). They work by killing the bacteria and also by decreasing the redness and swelling seen in the inflammatory forms of acne.\n\n                + Antibiotics may be applied to the skin in the form of gels and lotions, or by way of pills. We now know that using a combination of 2 medications together may be very effective in treating acne. Using a topical antibiotic with topical benzoyl peroxide, for example, may prevent bacterial resistance to the antibiotic. Giving an antibiotic by mouth is often needed for acne that is more extensive, red, and tender.\n\n                + Antibiotics taken by mouth can be associated with more side effects than if applied to the skin and may interact with other medicines such as birth control pills. Sensitivity to the sun can result in a ""bad sunburn"" in some people who take the antibiotic tetracycline by mouth.\n\n          o Retinoids: Medicines made from vitamin A (retinoids) are useful in treating several types of acne lesions. Topical retinoids are effective in treating the noninflammatory types of acne (blackheads and whiteheads).\n\n                + Topical retinoids (applied directly to the skin) help to open clogged pores by creating a mild peeling effect. Drying of the skin can be a frequent side effect. Oral retinoids are reserved for treating the more extensive nodular type of acne or severe inflammatory acne, which has not responded to other treatments. Oral retinoids not only have a peeling effect but also decrease the production of oil.\n\n                + They can also be associated with a number of serious side effects including birth defects in babies of wome', 'GET PROACTIVE--IT DOES WORK', ""I had acne for about 12 years, and it wouldn't go away inspite of the soaps, creams, lotions and antibiotics that I had used.  I got rid of acne after doing a treatment for candida.  I took herbal antifungals, lactobacillus acidophilus, and I was following an anti-candida diet."", 'Acne takes years to get rid of. Many people right away use OTC medicine to cure it. Destorying the live bacteria on the face is a critical action. You should get rid of acne at the first sign. Chasing pimples all over your face becomes hectic but its the only way. Some people are allergic to bacteria killing medicine such as benzoyl peroxide and clindamycin. \nTry using these medicines:\n1) Differin Topical Gel\n2) Clearsal Brand Fighter.\n3) Oxy\n4) Proactiv (RISK: Increased Acne)\nRx:\n1) Adoxa (Doxycyline Tablets)\n2) Duac Topical Gel\n\nRemember, allowing more oils and creams/lotions to your face means more blockage and heat to be stored. This causes the over size pimple. Make sure you have some sort of invigorating rubbing cream. St.Ives apricot scrub is the best.\nIf else fails, seek your Physician. An expert germ physician. At young acne years, doctors might perscribe you with bacteria killing pills. This is excellent. A topical gel working on the exterior side and an bacteria killing pill working interior.']]"
SUGGESTION,['I havenstasi.'],"Before using any medicines, It is suggested to consult a registered physician. As for acne treatment, self-care at home can include washing once or twice daily with soap and water to remove excess oil. Over-the-counter acne medications are available and can be used according to the provided directions. An acne cleanser purchased over-the-counter can also be helpful, but it's important to avoid scrubbing too abrasively, as it may irritate the skin and worsen acne. Consulting with a physician before starting any treatment is recommended.","[['DISCLAIMER: Before using any medicines, you should consult a registered physiscian. This is only for information.\n\nAcne Treatment\n\n|Self-Care at Home|\n\n    * Wash once or twice daily with soap and water to remove excess oil from the skin. An acne cleanser purchased over-the-counter in any drug store can also be helpful. Avoid scrubbing too abrasively because this can actually irritate the skin and cause acne to worsen.\n\n    * Over-the-counter acne medications can be used either at bedtime or during the day. Always follow the directions on any acne product.\n\n    * Many cover-up products are available without a prescription to improve the appearance of blemishes while they have a chance to heal. Most work well and should not worsen acne.\n\n    * Some cosmetics and other skin care products, however, can cause acne to worsen. Look for make-up, cosmetics, and skin care products labeled with the word noncomedogenic. This means that it does not cause or worsen acne.\n\n|Medical Treatment|\n\nMany treatment options are available to treat all forms of acne. Medications are the main treatment for acne and usually work well. Several preparations are available over-the-counter, while others require a prescription from a doctor.\n\n    * Over-the-counter medications: Nonprescription or over-the-counter medications for acne are plentiful and can be effective for milder forms of acne. They come in the form of soaps, washes, and cleansers.\n\n          o Many contain benzoyl peroxide, which does two things. First, benzoyl peroxide kills the acne-causing bacteria, which are thought to play a role in acne. Second, benzoyl peroxide can cause drying and flaking off of skin, which can help prevent the pores from becoming plugged. Plugged pores can develop into acne blemishes.\n\n          o Scrubbing excessively with any over-the-counter preparation can actually cause acne to worsen by additionally irritating the hair follicles.\n\n    * Prescription medications: Doctors can prescribe medications when acne becomes moderate to severe or is not controlled by over-the-counter medications. Prescription drugs can be used effectively alone or in combination with other prescription and nonprescription medications.\n\n          o Antibiotics: Antibiotics can be effective in treating most inflammatory acne (papules and pustules). They work by killing the bacteria and also by decreasing the redness and swelling seen in the inflammatory forms of acne.\n\n                + Antibiotics may be applied to the skin in the form of gels and lotions, or by way of pills. We now know that using a combination of 2 medications together may be very effective in treating acne. Using a topical antibiotic with topical benzoyl peroxide, for example, may prevent bacterial resistance to the antibiotic. Giving an antibiotic by mouth is often needed for acne that is more extensive, red, and tender.\n\n                + Antibiotics taken by mouth can be associated with more side effects than if applied to the skin and may interact with other medicines such as birth control pills. Sensitivity to the sun can result in a ""bad sunburn"" in some people who take the antibiotic tetracycline by mouth.\n\n          o Retinoids: Medicines made from vitamin A (retinoids) are useful in treating several types of acne lesions. Topical retinoids are effective in treating the noninflammatory types of acne (blackheads and whiteheads).\n\n                + Topical retinoids (applied directly to the skin) help to open clogged pores by creating a mild peeling effect. Drying of the skin can be a frequent side effect. Oral retinoids are reserved for treating the more extensive nodular type of acne or severe inflammatory acne, which has not responded to other treatments. Oral retinoids not only have a peeling effect but also decrease the production of oil.\n\n                + They can also be associated with a number of serious side effects including birth defects in babies of wome', 'GET PROACTIVE--IT DOES WORK', ""I had acne for about 12 years, and it wouldn't go away inspite of the soaps, creams, lotions and antibiotics that I had used.  I got rid of acne after doing a treatment for candida.  I took herbal antifungals, lactobacillus acidophilus, and I was following an anti-candida diet."", 'Acne takes years to get rid of. Many people right away use OTC medicine to cure it. Destorying the live bacteria on the face is a critical action. You should get rid of acne at the first sign. Chasing pimples all over your face becomes hectic but its the only way. Some people are allergic to bacteria killing medicine such as benzoyl peroxide and clindamycin. \nTry using these medicines:\n1) Differin Topical Gel\n2) Clearsal Brand Fighter.\n3) Oxy\n4) Proactiv (RISK: Increased Acne)\nRx:\n1) Adoxa (Doxycyline Tablets)\n2) Duac Topical Gel\n\nRemember, allowing more oils and creams/lotions to your face means more blockage and heat to be stored. This causes the over size pimple. Make sure you have some sort of invigorating rubbing cream. St.Ives apricot scrub is the best.\nIf else fails, seek your Physician. An expert germ physician. At young acne years, doctors might perscribe you with bacteria killing pills. This is excellent. A topical gel working on the exterior side and an bacteria killing pill working interior.']]"
INFORMATION,"[""Noeyas'su----------at least a temporary feeling fullness- least a temporary feeling of fullness- a temporary feeling of fullness. Plus water- feeling of fullness. Plus water is better for you----------just don'no-at least water isn't overdrinkers-----do it.""]","For information purposes, according to one individual, Kombucha, a fungus grown in tea, is believed to enhance the health benefits of tea by providing enzymes, antioxidants, and vitamins. The person suggests that Kombucha may have potential health benefits, including addressing asthma. They recommend looking up Kombucha on Google, specifically mentioning the third result, for more information on its potential benefits. Additionally, the individual notes that asthma is a genetic disorder that can impact the respiratory system's ability to function properly, especially when exposed to certain factors like smells or dust.","[['Yes, It makes me feel so good to deliver the answer to this question.\n\nKombucha is a fungus you grow in tea and and it makes the tea extremely healthy with enzimes, antioxodents, vitamins, and the cure to many things. One of them happens to be Asthma.\n\nLook up Kombucha on google and the 3rd result should be he right way to go.', ""I really don't think so. Asthma is a genatics disorder making the lungs and the respiratory system in general unable to perform it's duty well if subjected to certain factors like smells or dust ..etc.\n\nBut I certainly hope so as I am asthmatic.\n\nGood luck""]]"
SUGGESTION,['I have you!'],"Maintain a food and workout journal to monitor calorie intake and expenditure closely. This can reveal if you're consuming more calories than expected or not exercising as much as you think. If your initial analysis doesn't identify issues, provide more details before seeking further advice. Consider adjusting your calorie intake and increasing workout duration if necessary.","[[""Journal your food and workouts to keep closer tabs on calories that you take in and the calories that you burn.  You might find that you are eating more than you realized or not working out as much as you think.  Or you could be eating too little, causing your body to go into starvation mode.  Once you have the results from your journal, if you don't find anything off, ask again with more details."", ""I'm no expert, but I do know that if you want to burn fat/lose weight you need to burn more calories a day than you take in. You could just be balanced right now so you're only maintaining. Maybe cut back yoru calorie intake and increase your work out time? Just a suggestion.""]]"
INFORMATION,['- but notingedoil be careful eating lessen'],"To lose weight, you must burn more calories than you take in a day.","[[""Journal your food and workouts to keep closer tabs on calories that you take in and the calories that you burn.  You might find that you are eating more than you realized or not working out as much as you think.  Or you could be eating too little, causing your body to go into starvation mode.  Once you have the results from your journal, if you don't find anything off, ask again with more details."", ""I'm no expert, but I do know that if you want to burn fat/lose weight you need to burn more calories a day than you take in. You could just be balanced right now so you're only maintaining. Maybe cut back yoru calorie intake and increase your work out time? Just a suggestion.""]]"
CAUSE,"[""I have low------an answer you havenododod a-n'ss.""]","If you are eating too little, your body may be going into starvation mode or you might just be balanced right now and trying to maintain it.","[[""Journal your food and workouts to keep closer tabs on calories that you take in and the calories that you burn.  You might find that you are eating more than you realized or not working out as much as you think.  Or you could be eating too little, causing your body to go into starvation mode.  Once you have the results from your journal, if you don't find anything off, ask again with more details."", ""I'm no expert, but I do know that if you want to burn fat/lose weight you need to burn more calories a day than you take in. You could just be balanced right now so you're only maintaining. Maybe cut back yoru calorie intake and increase your work out time? Just a suggestion.""]]"
INFORMATION,['Yes'],"For information purposes, gout typically causes severe pain, but there is mention of a rare complication involving necrotizing fasciitis, an infection that can lead to skin cell death. In such cases, emergency amputation may be required to prevent the spread of the skin infection throughout the body. The mention of black cherries as a remedy for gout and the availability of medication and dietary guidelines to reduce gout attacks are also noted. The information reflects both the painful nature of gout and potential complications, along with suggested treatments.","[[""Normally gout just leads to a lot of pain.\nI did find an article on gout complicated by necrotizing fascitis though. That would be an infection of the skin that kills the skin cells. I think it's very rare, but it would lead to emergency amputation to keep the skin infection from spreading to the rest of one's body.\nMy dad has gout. It is black cherries that are supposed to be good for it. Also, there is medication you can take and general dietery guidelines to reduce the occurence of attacks."", 'Do not know the answer to your question, but have read cherries , you can even use frozen or canned, are very good for gout.Eat some everyday.']]"
INFORMATION,['Understand.emihtced.'],"Treatment for high blood pressure depends on the severity of the disease and whether one has other health conditions like a heart failure, diabetes, pregnancy etc. Solutions might include lifestyle changes, losing weight, increasing activity, and eating a balanced diet. If the blood pressure is above a certain threshold, medication might be prescribed alongwith the lifestyle changes.","[['Watch the salt & sugar.', 'Salt restricted diet, avoid mental and physical stress, good sleep  for at least 7 hours a day and in the after noon a relaxation of mind for half an hour. listening to Carnatic music, have yoga, and meditation . Weekly holiday from the work  and enjoying the  company of  family and friends.  Taking everything in life positvely and lightly.  If this fails consult the doctor for Medicines.', 'PsychProf and SnuggleBunny are exactly correct. COnsult with your md -- controlling hypertension is important and should be done under the active supervision of a doctor (preferably one who treats hypertension on a fairly regular basis.)', 'they say if you practice meditation slow your breathing and free your mind i tried it this actually helps', 'Treatment for high blood pressure depends on the severity of the disease and whether you have other health problems, such as heart failure or diabetes, or you are pregnant. Your doctor may want you to try lifestyle changes first, including losing weight, increasing activity, and eating a balanced diet. If your blood pressure is above a certain level, your doctor may prescribe medication along with the lifestyle changes.', ""There are a number of things you can do to reduce your blood pressure either instead of medication or along with medication. Of course you should follow your doctor's instructions with regard to any medical treatment.\n\nThere are some things that do help lower blood pressure:\n\n1. Lose weight--get down to your appropriate body mass index (see http://www.consumer.gov/weightloss/bmi.htm)\n\n2. Exercise. Moderate exercise--such as brisk walking--can help manage weight and blood pressure.\n\n3. Eat the DASH diet. This is a diet that has been shown to reduce blood pressure. See http://www.nhlbi.nih.gov/health/public/heart/hbp/dash/\n\n(For more information on exercise and diet see http://www.webmd.com/content/article/17/1676_51611?src=Inktomi&condition=Fitness)\n\n4. Relaxation exercises: Some people can lower blood pressure through relaxation (see http://www.utsouthwestern.edu/utsw/cda/dept16498/files/143155.html). Ten Ways to Reduce Stress and Relax: http://www.drweil.com/u/Article/M131/\n\nHope this is helpful to you!"", 'Stay away from the salt', 'eat a couple clove of garlic, every morning every day ... sure your breath stinks ... but it do lower the pressure', 'Lose weight', ""Buy the odor-free garlic pills and take that everyday. If you don't want garlic pills then why not try 100grams of DARK chocolate everyday. It has to be dark chocolate not milk chocolate.  \nAlso, a glass of red wine a day will usually bring it down.""]]"
SUGGESTION,"[""I have you'sormuch""]","Some suggestions to reduce high blood pressure without medication include reducing salt and sugar intake, avoiding metal and physical stree, sleeping for 7 plus hours, practicing slow breathing, doing yoga and meditation, brisk walking, losing wight, eating garlic or 100 gms of dark chocolate, a glass of wine might help. However, these suggestions must be undertaken post consultation with a doctor.","[['Watch the salt & sugar.', 'Salt restricted diet, avoid mental and physical stress, good sleep  for at least 7 hours a day and in the after noon a relaxation of mind for half an hour. listening to Carnatic music, have yoga, and meditation . Weekly holiday from the work  and enjoying the  company of  family and friends.  Taking everything in life positvely and lightly.  If this fails consult the doctor for Medicines.', 'PsychProf and SnuggleBunny are exactly correct. COnsult with your md -- controlling hypertension is important and should be done under the active supervision of a doctor (preferably one who treats hypertension on a fairly regular basis.)', 'they say if you practice meditation slow your breathing and free your mind i tried it this actually helps', 'Treatment for high blood pressure depends on the severity of the disease and whether you have other health problems, such as heart failure or diabetes, or you are pregnant. Your doctor may want you to try lifestyle changes first, including losing weight, increasing activity, and eating a balanced diet. If your blood pressure is above a certain level, your doctor may prescribe medication along with the lifestyle changes.', ""There are a number of things you can do to reduce your blood pressure either instead of medication or along with medication. Of course you should follow your doctor's instructions with regard to any medical treatment.\n\nThere are some things that do help lower blood pressure:\n\n1. Lose weight--get down to your appropriate body mass index (see http://www.consumer.gov/weightloss/bmi.htm)\n\n2. Exercise. Moderate exercise--such as brisk walking--can help manage weight and blood pressure.\n\n3. Eat the DASH diet. This is a diet that has been shown to reduce blood pressure. See http://www.nhlbi.nih.gov/health/public/heart/hbp/dash/\n\n(For more information on exercise and diet see http://www.webmd.com/content/article/17/1676_51611?src=Inktomi&condition=Fitness)\n\n4. Relaxation exercises: Some people can lower blood pressure through relaxation (see http://www.utsouthwestern.edu/utsw/cda/dept16498/files/143155.html). Ten Ways to Reduce Stress and Relax: http://www.drweil.com/u/Article/M131/\n\nHope this is helpful to you!"", 'Stay away from the salt', 'eat a couple clove of garlic, every morning every day ... sure your breath stinks ... but it do lower the pressure', 'Lose weight', ""Buy the odor-free garlic pills and take that everyday. If you don't want garlic pills then why not try 100grams of DARK chocolate everyday. It has to be dark chocolate not milk chocolate.  \nAlso, a glass of red wine a day will usually bring it down.""]]"
SUGGESTION,['saesiverghmr. It is shingles.'],"If you are having a colonoscopy, depending on your doctor you should request medication for pain or anxiety even though they don't give it automatically.","[[""Yes, you will be given something along the lines of Versed (sp). You will be awake, but you won't care, and you won't remember much. It's called conscious sedation."", 'Pops is correct.  Not sure on the prpoer spelling either Versid, maybe.', 'depending on your doctor you should be able to request it. but i do not believe they automatically give it.']]"
INFORMATION,['...'],"If you are having a colonoscopy, you will be given something like Versid, you will be awake but won't remember much since it is conscious sedation.","[[""Yes, you will be given something along the lines of Versed (sp). You will be awake, but you won't care, and you won't remember much. It's called conscious sedation."", 'Pops is correct.  Not sure on the prpoer spelling either Versid, maybe.', 'depending on your doctor you should be able to request it. but i do not believe they automatically give it.']]"
INFORMATION,['Take if the body and luke ass temperature are dehydration.'],"For information purposes, the primary approach for kidney stones is non-surgical, focusing on pain management with diclofenac while awaiting natural passage. In some cases, surgical interventions such as Extracorporeal Shock Wave Lithotripsy (ESWL), retrograde ureteral or intrarenal surgery, percutaneous nephrolithotripsy, or open surgery may be necessary, especially when stones cause obstruction and urinary tract infection. Various forms of energy, including laser, ultrasonic, and mechanical methods, can be employed to fragment stones. The type of stone (calcium oxalate, uric acid, etc.) determines dietary adjustments, and medications or lithotripsy may be used for small stones, while larger stones may require surgical removal.","[['Surgery is rarely used to remove kidney stones; instead pain management with diclofenac is used while waiting for the stone to pass on its own. However, in certain cases, Extracorporeal Shock Wave Lithotripsy (ESWL - see lithotriptor), retrograde ureteral or intrarenal surgery, percutaneous nephrolithotripsy, or open surgery may be necessary. This is especially so if the stone is stuck, causing obstruction and infection of the urinary tract. Laser, ultrasonic, and mechanical (pneumatic, shock-wave) are forms of energy employed to fragment stones.', 'Some people get kidney stones.  If they take food with more of calcium oxalate crystals,like tomato,milk, plums etc, they develop stones. Some devlop if the take more of uric acid as in non vegetarian diet and proteins. The stone should be analysed and should be found, to which category it belongs to. Then you have to avoid thoses type of food. If the stone is small it can be brought out by administering medicines . If big by lithotropsy (by breaking it with sound waves) .If still bigger by  surgery.', 'They suck..... had them several times. hurt more than getting my septum pierced with a 6 gauge needle']]"
EXPERIENCE,"['It is\'edosimiduring Lengest\' rect Leng Length: (mrngth: (modiddle) 141.5""<unk>) 141.5""; (m (5.6""; (5.6""aver.8mm (AVERAGE"");"");""<unk>5.6"")161.8mm(AVERAGE)161.8mm (6.4"")16)161.8mm (6.4"") Circum 1.8mm (6.4"") Circumference:(6.4""Erect Leng:((MOD) Length:(MODEST) = 141.5""(MEST) 141.5mm (5.6""<unk>)141.5mm (5.6""); (5.6""mm (5.6""); (AVER) (5.6""); (AVERAGE)161.8"") Cir Leng)161.8mm (6.4""=1.681.8mm (6.4"")']","In users expereince, one individual had kidney stones several times and said, ""they suck"". They mentioned that it hurts more than getting their septum pierced with a 6 gauge needle.","[['Surgery is rarely used to remove kidney stones; instead pain management with diclofenac is used while waiting for the stone to pass on its own. However, in certain cases, Extracorporeal Shock Wave Lithotripsy (ESWL - see lithotriptor), retrograde ureteral or intrarenal surgery, percutaneous nephrolithotripsy, or open surgery may be necessary. This is especially so if the stone is stuck, causing obstruction and infection of the urinary tract. Laser, ultrasonic, and mechanical (pneumatic, shock-wave) are forms of energy employed to fragment stones.', 'Some people get kidney stones.  If they take food with more of calcium oxalate crystals,like tomato,milk, plums etc, they develop stones. Some devlop if the take more of uric acid as in non vegetarian diet and proteins. The stone should be analysed and should be found, to which category it belongs to. Then you have to avoid thoses type of food. If the stone is small it can be brought out by administering medicines . If big by lithotropsy (by breaking it with sound waves) .If still bigger by  surgery.', 'They suck..... had them several times. hurt more than getting my septum pierced with a 6 gauge needle']]"
INFORMATION,['n awas ni. Because of evolution'],"For information purposes, the skin on your fingers is composed of numerous tiny cells, each surrounded by a membrane resembling a miniature balloon filled with salty gelatin. The outermost layer, the epidermis, consists of cells that are drying out and wearing out, continually replenished by the growth from underneath, the dermis. The epidermis can absorb water, allowing it to penetrate the cells and cause them to swell, akin to balloons filling with water. When skin swells, it increases in surface area, resembling a loose-fitting glove with wrinkles instead of a smooth, taut surface. Osmosis, the entry of water into cells, occurs during this process. Prolonged exposure to water can lead to cell bursting, known as lysis. Conversely, when the skin dries out, cells shrink, resulting in a smoother and taut appearance. Proper skin care is emphasized, including avoiding sunburn, keeping wounds clean, and moisturizing during winter. The importance of skin is highlighted as a protective barrier against external elements. Overall, good skin care contributes to a healthier and more appealing appearance for both boys and girls.","[['The skin of your fingers absorb water/ fluid and swell also.', ""The skin of your finger consists of tiny little skin cells, 100's and 100's of millions of them.  Each cell is so small you would need a powerful microscope for looking at 100 of them.\n\nAll cells are surrounded by a membrane.  Somewhat like a very, very tiny balloon filled with salty jello.  The insides of the outermost cells are salty and dehydrated because your skin grows from underneath, the dermis, close to the capillaries (blood supply).\n\nThe outer skin, called the epidermis, consists of cells which are wearing out and drying up, although they are mostly not quite dead yet.  The very oldest ones that are dead come off when you scrub or shower. Some are falling off all the time, but they are so small you do not see them.\n\nSince the epidermis consists of rather dry cells, it is able to absorb water.  The cell walls allow the water in your tub, shower, or pool to penetrate into each cell.  The insides, being salty, are have a strong affinity for water.  \n\nIf you spend a long time in the water, the epidermal cells swell up, increasing in size, somewhat like the the balloons mentioned earlier being filled with more water.\n\nWhen the skin on the outside of your hands or toes swells it has more surface area than previously.  Instead of being like a tight fitting glove, it becomes more like a glove that is too big.\n\nIf you put on a glove that is too big, it will have wrinkles instead of being stretched smoothly.\n\nThe entry of water into a cell is called osmosis.  If you stay in fresh water for an extremely long time, many cells will absorb so much water they will burst.  That is called lysis.\n\nRed blood cells are much more fragile than skin cells.  When combined with fresh water they rapidly absorb so much water that they all appear to dissolve.  Each one of the millions and millions of red blood cells has burst.  That is called hemolysis.\n\nRopes made from plant fibers are also composed of cells.  Test a rope:  See if it shrinks in length when absorbing water or drying out.\n\nWhen the skin on your fingers and toes dries out, the cells shrink in size, and the skin becomes more smooth and taut, like a tight, well fitted glove.\n\nYour skin is very important.  Without it you would be just like a raw piece of meat, ready for the flies and germs to eat.\n\nTake good care of your skin.  Do not get sunburned.  When you have a bad cut that is healing, you should try to keep your hands out of dirty water or ponds.\nThese contain potentially dangerous bacteria that could infect your open or healing wound.\n\nTaking a shower or washing your hands in clean water is okay.  Just be sure to put antibiotic ointment and a fresh bandage over the cut when you are done.\n\nYour teacher might be able to show you some pictures of bacteria (germs) or let you look at live ones through a microscope.  \n\nOnly one person is allowed to look through at a time.  Everyone else must stand back and not push the observer or touch their head.  Otherwise you could injure one of their eyes or both by knocking them into the eyepiece or binoculars of the microscope.\n\nSome people have gone blind that way.  No horsing around !!  Strictly enforced.\n\nDuring winter, good skin care means putting lotion on your hands and wearing gloves while outside in the cold winter air.\n\nPeople who drink a carrot milkshake daily, made in a blender, have very beautiful skin once they have done this for six months.\n\nHealthy skin makes both boys and girls look better."", 'This site explain it perfectly:\nhttp://kidshealth.org/kid/talk/qa/wrinkly_fingers.html']]"
INFORMATION,['I have you assunt is suggested'],"Night blindness is often caused by retinitis pigmentosa, a condition that results in the deterioration of light-sensitive cells in the retina, particularly the rods responsible for night vision. Additionally, a deficiency in Vitamin A can contribute to night blindness, as this nutrient is crucial for maintaining the health of the eye's retina","[['""Retinitis pigmentosa commonly causes night blindness, mainly because the eye disease leads to deterioration of light-sensitive cells in the inner back layer of the eye (retina) where images are processed. Rods are a specific type of light-sensitive cell considered essential for good night vision.""\n\n""Vitamin A deficiency also contributes to development of night blindness because of the nutrient\'s importance in maintaining the health of the eye\'s retina.""', 'It is often caused by cataracts (usually in older persons), retinitis pigmentosa (may be the first sign of the disease in a young person), Poor adaptation to darkness (not caused by any disease), often accompanied by myopia (nearsightedness), vitamin A deficiency, certain drugs, or a birth defect.']]"
CAUSE,['-astord/or if another person gots'],"Night blindness can be caused by various factors, with retinitis pigmentosa being a common contributor due to the deterioration of light-sensitive cells in the retina. Other causes include cataracts (common in older individuals), poor adaptation to darkness (unrelated to any disease), myopia (nearsightedness), vitamin A deficiency, certain drugs, or a birth defect.","[['""Retinitis pigmentosa commonly causes night blindness, mainly because the eye disease leads to deterioration of light-sensitive cells in the inner back layer of the eye (retina) where images are processed. Rods are a specific type of light-sensitive cell considered essential for good night vision.""\n\n""Vitamin A deficiency also contributes to development of night blindness because of the nutrient\'s importance in maintaining the health of the eye\'s retina.""', 'It is often caused by cataracts (usually in older persons), retinitis pigmentosa (may be the first sign of the disease in a young person), Poor adaptation to darkness (not caused by any disease), often accompanied by myopia (nearsightedness), vitamin A deficiency, certain drugs, or a birth defect.']]"
INFORMATION,"[""IDF'esi. While it is for information""]","Both medical and surgical treatments are available for adenomyosis. Pain medication (analgesics) is commonly used, and in severe cases, a hysterectomy may be necessary, especially for women not approaching menopause. Hormonal treatments have been mostly unsuccessful in treating adenomyosis.","[['Both medical and surgical treatment are available.  You can read more about the options you have at http://althysterectomy.org/adenomyosis.htm', 'go to WEBMD', 'Usually the only treatment is pain medication (analgesics). A hysterectomy may be necessary in women with severe symptoms who are not approaching menopause.\n\nMost treatment attempts with hormones have been unsuccessful.']]"
INFORMATION,"[""I have' ------It had iraso-hada panic attacks for over 3 years.""]","Men and women release odorless chemicals called pheromones. When women live together, the pheromones released by one woman can affect the menstrual cycles of others since the receptors in the nose detect the pheromones. Over time, their periods may synchronize, leading to a phenomenon called synchronous menstruation.","[['A: Women (and men) secrete odorless molecules, called pheromones, in a manner as common as sweating. In fact, the sweat of many mammals contains pheromone chemicals. The molecules from one woman bounce and jiggle their way airborne and waft to another. Receptors in the nose detect the pheromones and the second woman responds by shortening or lengthening her menstrual period. Gradually, over the course of a few months, the periods of all the women living together synchronize in this way.', ""It's called synchronious menstruation.  It's happened to me on two occasions.  Once at a camp where there were about 30 girls in a cabin, and I swear to you, every single one of us got our periods over a period of 10 days.  The second time was in college with my room mate and our suite mates. \n\nThere's still this mystery about why it happens though.""]]"
EXPERIENCE,"[""Yes, buttonsing this is it is it'sicle: Glands a a's are you are usually swollen neck glands usually a little ifes a little swollen swollen swollen when you n when you know it when you have as s it hurts a cold,sn's.""]","In users experience, one user shares that once at camp with 30 girls in 10 days her menstrual cycle synced, and again in college with roommates.","[['A: Women (and men) secrete odorless molecules, called pheromones, in a manner as common as sweating. In fact, the sweat of many mammals contains pheromone chemicals. The molecules from one woman bounce and jiggle their way airborne and waft to another. Receptors in the nose detect the pheromones and the second woman responds by shortening or lengthening her menstrual period. Gradually, over the course of a few months, the periods of all the women living together synchronize in this way.', ""It's called synchronious menstruation.  It's happened to me on two occasions.  Once at a camp where there were about 30 girls in a cabin, and I swear to you, every single one of us got our periods over a period of 10 days.  The second time was in college with my room mate and our suite mates. \n\nThere's still this mystery about why it happens though.""]]"
CAUSE,"[""Content to 4-6's ----be the question""]",This may be due to allergies or a bad cold.,"[['Most twns have a clinic or at a hospital where they must see you money or NO money, Call around and get to a DR..........', 'whatever it is you need rest, clean water and very little else. if you can, get some organic garlic and hot peppers and put them in the blender with a bit of water. strain (use gloves!) and then put 5-15 drops in three oz. of water. gargle and swallow. if it doesn\'t weird you out, do at least three water enimas (CLEAN WATER!). \nwhen you breate, try to picture your lungs like a glass that is filling with water. how high does your ""glass"" fill? fill it higher with VERY gentle encouragement. when you start to feel better, get some benificial intentinal flora inside you in the form of a non-alcoholic liquid ferment (ie: probiotic).\n\ngood luck\n:\nwith Love', ""sounds like you have a bad cold. buy some off the counter sinus and allergy pills at Wal-mart. their brand works just as well.make sure it contains anthihistamine that works for the sore throat. studies have shown that liquid cough medicine doesn't work that well. if you start to get a fever go to a County Hospital ER. they are supposed to help anyone its funded with our taxes.  GET WELL SOON."", 'It sounds like allergies to me. If you are not restricted I would take a benadryl and see a low cost clinic. It could get worse.', ""if what you have is allergies, you can take an antihistamine to relieve the symptoms, and then get plenty of rest. if it's bad sinusitis, get an OTC drug for it and drink lots of fluids and vitamin c in the form of fruits... and get bed rest.\n\nif it's something else, go to your doctor.""]]"
INFORMATION,"[""For informationa hepaticdis possible,Educati don'svdismo""]","For information purposes, these symptoms can get worse.","[['Most twns have a clinic or at a hospital where they must see you money or NO money, Call around and get to a DR..........', 'whatever it is you need rest, clean water and very little else. if you can, get some organic garlic and hot peppers and put them in the blender with a bit of water. strain (use gloves!) and then put 5-15 drops in three oz. of water. gargle and swallow. if it doesn\'t weird you out, do at least three water enimas (CLEAN WATER!). \nwhen you breate, try to picture your lungs like a glass that is filling with water. how high does your ""glass"" fill? fill it higher with VERY gentle encouragement. when you start to feel better, get some benificial intentinal flora inside you in the form of a non-alcoholic liquid ferment (ie: probiotic).\n\ngood luck\n:\nwith Love', ""sounds like you have a bad cold. buy some off the counter sinus and allergy pills at Wal-mart. their brand works just as well.make sure it contains anthihistamine that works for the sore throat. studies have shown that liquid cough medicine doesn't work that well. if you start to get a fever go to a County Hospital ER. they are supposed to help anyone its funded with our taxes.  GET WELL SOON."", 'It sounds like allergies to me. If you are not restricted I would take a benadryl and see a low cost clinic. It could get worse.', ""if what you have is allergies, you can take an antihistamine to relieve the symptoms, and then get plenty of rest. if it's bad sinusitis, get an OTC drug for it and drink lots of fluids and vitamin c in the form of fruits... and get bed rest.\n\nif it's something else, go to your doctor.""]]"
SUGGESTION,"[""s''sison', first described by Thomas Addi's disease is British physician Thomas Addi.""]","If you're feeling unwell, it's important to prioritize rest and stay hydrated with clean water. A home remedy suggestion involves blending organic garlic and hot peppers with water, straining, and gargling the mixture. Additionally, gentle breathing exercises and water enemas may be considered. To address symptoms like a sore throat, non-alcoholic liquid probiotics and over-the-counter sinus and allergy pills containing antihistamines are recommended. If the condition worsens or includes a fever, seeking medical attention at a County Hospital ER or a low-cost clinic is advised. For a more accurate diagnosis, consulting with a doctor is crucial.","[['Most twns have a clinic or at a hospital where they must see you money or NO money, Call around and get to a DR..........', 'whatever it is you need rest, clean water and very little else. if you can, get some organic garlic and hot peppers and put them in the blender with a bit of water. strain (use gloves!) and then put 5-15 drops in three oz. of water. gargle and swallow. if it doesn\'t weird you out, do at least three water enimas (CLEAN WATER!). \nwhen you breate, try to picture your lungs like a glass that is filling with water. how high does your ""glass"" fill? fill it higher with VERY gentle encouragement. when you start to feel better, get some benificial intentinal flora inside you in the form of a non-alcoholic liquid ferment (ie: probiotic).\n\ngood luck\n:\nwith Love', ""sounds like you have a bad cold. buy some off the counter sinus and allergy pills at Wal-mart. their brand works just as well.make sure it contains anthihistamine that works for the sore throat. studies have shown that liquid cough medicine doesn't work that well. if you start to get a fever go to a County Hospital ER. they are supposed to help anyone its funded with our taxes.  GET WELL SOON."", 'It sounds like allergies to me. If you are not restricted I would take a benadryl and see a low cost clinic. It could get worse.', ""if what you have is allergies, you can take an antihistamine to relieve the symptoms, and then get plenty of rest. if it's bad sinusitis, get an OTC drug for it and drink lots of fluids and vitamin c in the form of fruits... and get bed rest.\n\nif it's something else, go to your doctor.""]]"
QUESTION,['senstasnspotting machine'],It is inquired why they wanted to lose weight.,"[['why do you want to lose weight? If you need to do this to be energetic and mobile, then yoga will help you. Yoga balances your body and does not necessarily lose weight. If you are under weight, you will gain it and can be active, mobile, energetic and alert']]"
INFORMATION,['Heress the dietsedoprayer Dietas that you want to lose weight loss diet and South Beach Diet alot'],"If increased energy and mobility are the goals, engaging in yoga can be beneficial. Yoga is described as a practice that brings balance to the body without a specific focus on weight loss. It is noted that individuals who are underweight may gain weight through yoga while still experiencing increased activity, mobility, energy, and alertness.","[['why do you want to lose weight? If you need to do this to be energetic and mobile, then yoga will help you. Yoga balances your body and does not necessarily lose weight. If you are under weight, you will gain it and can be active, mobile, energetic and alert']]"
CAUSE,"['Some ofc.ismolea lot of the cause of summary tone: age, as of high blood pressure, sex, aer developsex, race, race, race, race, race, genetics, other conditions (such as well, sedentary such as high cholesterol, entary lifestyle, high cholesterol), geneticsd lifestyle, etc.']",The black color is caused by a fungus.,"[['Yes, you need to see a doctor. The nail is dead and you may infect your toe if you are not careful. Do not dig at it you might cause further damage', 'The black color is caused by a fungus.']]"
SUGGESTION,"['See -inus, tone of hormone imbalance of summary']",It is suggested to see a doctor since the nail is dead and it might get infected. It is also advised to not dig at it since it may cause further damage.,"[['Yes, you need to see a doctor. The nail is dead and you may infect your toe if you are not careful. Do not dig at it you might cause further damage', 'The black color is caused by a fungus.']]"
EXPERIENCE,"[""I have you'stamas there""]","In users expereince, one individual's breasts increased after taking birth control.","[[""It really depends on you individually. I know it is common for women to gain weight, but never have I seen anyone 'blow up' from starting birth control. It affects your hormones and will make you more 'developed'. Instead, I have seen (in myself and others) that your breast size can increase, as well as more curves adding to your figure. So it's not always a bad thing!"", 'If you have an appropriate diet and sexual activity, yes', 'no,most of the time you gain weight', 'No. Only if you increase your diet and exercise, and drink plenty of water.']]"
INFORMATION,['semie...'],"For information purposes, the impact of birth control on weight varies among individuals. Some argue that it is common for women to gain weight due to hormonal changes, leading to a more developed appearance. Others suggest that weight gain is not a direct result of starting birth control, emphasizing the importance of a proper diet, sexual activity, and maintaining healthy habits. There are differing opinions, with some stating that weight gain is likely, while others argue that it depends on factors such as diet, exercise, and hydration.","[[""It really depends on you individually. I know it is common for women to gain weight, but never have I seen anyone 'blow up' from starting birth control. It affects your hormones and will make you more 'developed'. Instead, I have seen (in myself and others) that your breast size can increase, as well as more curves adding to your figure. So it's not always a bad thing!"", 'If you have an appropriate diet and sexual activity, yes', 'no,most of the time you gain weight', 'No. Only if you increase your diet and exercise, and drink plenty of water.']]"
INFORMATION,['tyasimmopplone of summary'],"For information purposes, depending on the location, there are typically fertility clinics that accept egg donations. In the speaker's area in North Carolina, there's a local egg bank offering compensation of $4000 per donation trip. The suggestion is to check the local newspaper or phonebook for information on fertility specialist offices, as they may have listings or be able to provide referrals to facilitate the egg donation process.","[[""http://www.eggdonor.com/\n\nhttp://www.eggdonation.com/\n\nBut think about it before you decide to go through with it: \nhttp://www.health.state.ny.us/nysdoh/infertility/eggdonor.htm\nI think I would do it, but really, my boyfriend doesn't want to let me, heh."", 'Depending on where you live there is usually a fertility clinic that will take them. Where I live in NC there is a local egg bank and they pay $4000 for each trip. Check your local paper and phonebook for where your local fertility specialist office is and there might be a listing or they can refer you to one.']]"
INFORMATION,['gyasorgasmgyeorgaleemsmnosm.'],"For information purposes, the likelihood of transmitting HIV through saliva during a French kiss is extremely low. Unless both individuals have bleeding sores or are bleeding profusely in the mouth, the amount of virus in saliva is typically insufficient for transmission. While there's a theoretical possibility, actual transmission through saliva during kissing is very rare.","[[""With the exception of open wounds, it would take about an olympic size swimming pool's worth of saliva to sucessfully transmit the HIV virus. It is very unlikely."", 'It is not known completely if saliva can transmit HIV, but if you have open sores in your mouth, it is possible to transmit HIV.', 'definetly no....', ""Well that's medical science for you -- a bunch of different answers. Look up Peter Deusberg on a search engine and see the lowdown on HIV."", ""Absolutely not, with one exception:  If both of the participants are bleeding profusely in the mouth, then the blood can mix and cause this.  But, I wouldn't suggest kissing a person who's bleeding that badly from the mouth anyway.  Anyway, it has been shown over and over that saliva itself does not contain enough of the virus to transmit."", 'yes , it is possible .it can be transmitted through salive .but the possibility is just a bit.']]"
SUGGESTION,"['There is thestorefes no cure is no cure- ovir dipi- only treatment- only treatment, interferon treatment. AdediFeron alfefosa-2ba-2bovir dipib, pivoxil,interferon interferonil, interferon alfeon alfefon alfa-2ba-2a-2b-2a-2b, lamb, peg, lamivudiniylamivudinevudinivudine, and ne,ne, and entecavir are five drugs are five drugs']",It is suggested to search Peter Deusberg o net and see the lowdown on HIV. I recommended to not a person who is bleeding baldly from mouth.,"[[""With the exception of open wounds, it would take about an olympic size swimming pool's worth of saliva to sucessfully transmit the HIV virus. It is very unlikely."", 'It is not known completely if saliva can transmit HIV, but if you have open sores in your mouth, it is possible to transmit HIV.', 'definetly no....', ""Well that's medical science for you -- a bunch of different answers. Look up Peter Deusberg on a search engine and see the lowdown on HIV."", ""Absolutely not, with one exception:  If both of the participants are bleeding profusely in the mouth, then the blood can mix and cause this.  But, I wouldn't suggest kissing a person who's bleeding that badly from the mouth anyway.  Anyway, it has been shown over and over that saliva itself does not contain enough of the virus to transmit."", 'yes , it is possible .it can be transmitted through salive .but the possibility is just a bit.']]"
INFORMATION,['tiieasorya bad'],"Muscles are connected to bones by tendons, and overstretching them may not pose an immediate problem, but it can lead to issues later in life, especially around the age of forty. Over time, the vertebrate may lose the supportive muscle structure, potentially resulting in back problems that may require surgery. Continuous back cracking may provide temporary relief, but it can contribute to persistent discomfort, and relying on it may not address the underlying issues causing the ache. Maintaining good posture, regular exercise, and seeking medical advice for persistent back pain are essential for long-term back health.","[['stop it now  muscles are attached to the bones by tendons you over strech them now it is not a problem but when you become in your fourty you might have to go for back bone surgury because vertebrate lose that raping muscle strings', 'I heard that if you do it to much you can get arthritis. I pop my neck. I also heard if you pop your neck to hard you can break it. so be careful.', ""Meh, I sorta have the bad habit of cracking my neck back toes knuckles and etc.  I'm trying hard to stop.  Back tough especially, that will make your back sore and see when you crack those joints, it's like air capsules.  And they just get bigger and bigger and bigger(no making them smaller) so your back will frequently ache and you'll start to rely on cracking it.  So instead just take like a non-asprin Acetaminophen(only one, maybe two if your weight is from the 90's-120's).  So yeah, it's just not good to do.""]]"
SUGGESTION,['Yes'],"Instead of relying on back cracking, it's advisable to be cautious and consider alternative approaches. Taking a non-aspirin pain reliever like Acetaminophen (one or two tablets depending on your weight) may provide relief for back discomfort. However, persistent or severe back pain should be evaluated by a healthcare professional to identify and address the underlying causes. It's important to prioritize long-term back health through proper care, exercise, and medical guidance rather than relying on temporary solutions.","[['stop it now  muscles are attached to the bones by tendons you over strech them now it is not a problem but when you become in your fourty you might have to go for back bone surgury because vertebrate lose that raping muscle strings', 'I heard that if you do it to much you can get arthritis. I pop my neck. I also heard if you pop your neck to hard you can break it. so be careful.', ""Meh, I sorta have the bad habit of cracking my neck back toes knuckles and etc.  I'm trying hard to stop.  Back tough especially, that will make your back sore and see when you crack those joints, it's like air capsules.  And they just get bigger and bigger and bigger(no making them smaller) so your back will frequently ache and you'll start to rely on cracking it.  So instead just take like a non-asprin Acetaminophen(only one, maybe two if your weight is from the 90's-120's).  So yeah, it's just not good to do.""]]"
EXPERIENCE,['Seekingayie mail to summarize: Dermat'],"In users expereince, one individual expressed concerns about cracking their neck, having heard that excessive cracking can lead to arthritis. They also mentioned the fear of breaking the neck if the popping is done too forcefully. Another person admitted to having a habit of cracking various joints, including the neck, back, toes, and knuckles, and expressed efforts to stop this habit.","[['stop it now  muscles are attached to the bones by tendons you over strech them now it is not a problem but when you become in your fourty you might have to go for back bone surgury because vertebrate lose that raping muscle strings', 'I heard that if you do it to much you can get arthritis. I pop my neck. I also heard if you pop your neck to hard you can break it. so be careful.', ""Meh, I sorta have the bad habit of cracking my neck back toes knuckles and etc.  I'm trying hard to stop.  Back tough especially, that will make your back sore and see when you crack those joints, it's like air capsules.  And they just get bigger and bigger and bigger(no making them smaller) so your back will frequently ache and you'll start to rely on cracking it.  So instead just take like a non-asprin Acetaminophen(only one, maybe two if your weight is from the 90's-120's).  So yeah, it's just not good to do.""]]"
INFORMATION,['n and easanwere.'],"For information purposes, the benefits of eating caviar are similar to those of eating fish. Caviar offers minimal carbohydrates, sugar, or starch, making it suitable for those concerned about weight gain from carbohydrates. It is a rich source of various minerals and vitamins. Oily fish, such as salmon, trout, herring, mackerel, and sardines, are particularly valuable as they contain omega-3 polyunsaturated fatty acids with important health benefits. However, it is emphasized that while caviar benefits humans, it doesn't benefit the fish. The consumption of caviar is viewed as a significant waste of food.","[[""It doesn't benefit the fish.  This is a terrible waste of food.  I could not believe the amount of wasted fish generated to make caviar.  Maybe you should do a little research and eat something else."", 'Benefits of eating caviar is the exactly the same as the benefits of eating fish!\n\nIt provides little or no carbohydrates, sugar or starch. People concerned about weight-gain aspects of carbohydrates can therefore eat fish freely. \nIt is a rich source of many minerals and vitamins. \nOily fish — such as salmon, trout, herring, mackerel and sardines — are unique as the only food source rich in omega-3 polyunsaturated fatty acids, which have important health benefits.']]"
EXPERIENCE,['odifesordod the user and pyrazoleif the user and his doctor Glucose and his doctor nesamine'],"In users expereince, one individual donates blood twice a year to feel fit.","[['actually its a healthy habit to occationally donate blood,not to mention the number of lives you will be saving', 'yes its ok .', 'No, not in a day. However it is GOOD for your health, not only OK, to donate once in a while. Cleans up your organism. I do it twice a year just to feel fit.', 'In short, yes. The average human body has about 5 pints of blood at any given time. Each individual blood cell has a life span of about 30 days from birth to death. Therefore, you have a completely new supply of blood about every 30 days. So, no matter how much blood you donated/lost, you would be back to normal 30 days later.', 'yeah its absolutely fine, it even help your body. its good to donate blood once a year. not only you help other people who needs blood it even help you too.', 'yes it is ok to donate half a liter of blood', 'yeah you body will make the blood you have donated back in a day or so', ""Ya~ It's ok.. believe it or not..If you lose 1 liter of blood(2 pine), you will get 'shock'""]]"
INFORMATION,"[""To summastair, dry skin to summarize to let you know that last guy you that last guy you know that last guy you he slept with last guy you slept with wasn't guy you slept with wasn't good'sat with wasn't good. Question: to let you good. Question: to let you know that last guy you have u know that last guy you slept with last guy you slept with wasn't guy you slept with wasn't good. slept with wasn't good. Question: to let you good. Question: why people have you know that last guy you have itch feeling that last guy you slept with itch feeling that you slept with wasn'to let you slept with wasn't good.""]","For information purposes, donating blood is generally considered to be a healthy practice, and it is safe to donate within the limits set by blood donation organizations. The average human body has about 5 pints of blood, and blood cells have a lifespan of about 30 days. Donating blood periodically, such as once a year, can contribute to maintaining a fresh and healthy blood supply in the body. It not only helps others in need but can also have potential health benefits for the donor. However, it's crucial to adhere to recommended guidelines and ensure that the frequency and volume of blood donation are within safe limits.","[['actually its a healthy habit to occationally donate blood,not to mention the number of lives you will be saving', 'yes its ok .', 'No, not in a day. However it is GOOD for your health, not only OK, to donate once in a while. Cleans up your organism. I do it twice a year just to feel fit.', 'In short, yes. The average human body has about 5 pints of blood at any given time. Each individual blood cell has a life span of about 30 days from birth to death. Therefore, you have a completely new supply of blood about every 30 days. So, no matter how much blood you donated/lost, you would be back to normal 30 days later.', 'yeah its absolutely fine, it even help your body. its good to donate blood once a year. not only you help other people who needs blood it even help you too.', 'yes it is ok to donate half a liter of blood', 'yeah you body will make the blood you have donated back in a day or so', ""Ya~ It's ok.. believe it or not..If you lose 1 liter of blood(2 pine), you will get 'shock'""]]"
INFORMATION,"[""You mean'tleatleast 2 times are safe'sio 2 times ad""]","Reducing saturated fats may shrink gallstones made mostly of cholesterol. Gallstone pain occurs when the gallbladder squeezes due to fat consumption. An ERCP procedure by a gastroenterologist can remove stones stuck in the duct leading to the intestine. This minimally invasive technique involves extracting stones or crushing larger ones for easier passage, but it doesn't eliminate stones within the gallbladder itself.","[[""Most gallstones are made of pure cholesterol.  You might try a diet with low fat and very low saturated fats.  Reducing the saturated fats will lower blood cholesterol and may (I'm not promising anything!) make the stones smaller.\n\nLowering your total fat intake may also help reduce or prevent pain.  Gallstones hurt because when you eat fat, the stomach senses it and tells the gallbladder to release some of the gall into the intestines to help digest the fat.  If you have stones, that squeezing is about like squeezing a handfull of pointy rocks.\n\nHowever...   I've had the surgery and it really isn't a big deal.  There is minimal scarring and the incisions aren't that much bigger than a bug bite or a medium sized zit.  \n\nIf you leave the gallstones there, they can get large enough to damage the gallbladder, with the result of a bad infection and that can cause death, which is a very Bad Thing!"", ""They now have a way of zapping them with sound that caused them to shatter instead of operating.  I don't know the details though."", 'If you really want to seek other alternatives I would look into finding a holistic store near you and maybe call and ask if they have any organic remedies.... usually a reg. doc. wont tell you those type of remedies because its not considered western medicine.... good luck', ""Have you seen a gastroenterologist?  They can do a minimally invasive procedure called an ERCP (Endoscopic Retrograde Cholangiopancreatography - try saying that 3 times fast!).  An ERCP won't get rid of the stones that are in the gallbladder...just the stones that are stuck in the duct leading from the GB to the small intestine.  They can make a tiny cut in the duct and pull gallstones out with a small balloon.  If the stone is too large, they have equipment that will crush the stone so it will pass freely.  \n\nI had the surgery myself about 10 years ago.  It's not as bad as you'd imagine, and you feel much better after it's over.  You might still have phantom pain for a while, but it's nowhere near as bad as the pain you started with.  \n\nEating a diet high in fat will make gallbladder disease worse, but you can't really get rid of the stones unless they pass naturally or you have them removed, either in surgery or with an ERCP."", ""The best remedy is surgury. I had surgery to have kidney stones removed. The surgery isn't as bad as you think it may be.""]]"
SUGGESTION,['no matter theastas and even idvantage'],"To eliminate gallstones without surgery, consider a low-fat diet, particularly low in saturated fats, as it may help reduce pain associated with gallbladder disease. Exploring holistic stores for organic remedies could offer natural alternatives, yet these might not eliminate existing stones. While sound waves can shatter stones non-invasively, they might not entirely remove them. Ultimately, surgical or medical intervention like ERCP may be necessary for complete removal if stones don’t pass naturally.","[[""Most gallstones are made of pure cholesterol.  You might try a diet with low fat and very low saturated fats.  Reducing the saturated fats will lower blood cholesterol and may (I'm not promising anything!) make the stones smaller.\n\nLowering your total fat intake may also help reduce or prevent pain.  Gallstones hurt because when you eat fat, the stomach senses it and tells the gallbladder to release some of the gall into the intestines to help digest the fat.  If you have stones, that squeezing is about like squeezing a handfull of pointy rocks.\n\nHowever...   I've had the surgery and it really isn't a big deal.  There is minimal scarring and the incisions aren't that much bigger than a bug bite or a medium sized zit.  \n\nIf you leave the gallstones there, they can get large enough to damage the gallbladder, with the result of a bad infection and that can cause death, which is a very Bad Thing!"", ""They now have a way of zapping them with sound that caused them to shatter instead of operating.  I don't know the details though."", 'If you really want to seek other alternatives I would look into finding a holistic store near you and maybe call and ask if they have any organic remedies.... usually a reg. doc. wont tell you those type of remedies because its not considered western medicine.... good luck', ""Have you seen a gastroenterologist?  They can do a minimally invasive procedure called an ERCP (Endoscopic Retrograde Cholangiopancreatography - try saying that 3 times fast!).  An ERCP won't get rid of the stones that are in the gallbladder...just the stones that are stuck in the duct leading from the GB to the small intestine.  They can make a tiny cut in the duct and pull gallstones out with a small balloon.  If the stone is too large, they have equipment that will crush the stone so it will pass freely.  \n\nI had the surgery myself about 10 years ago.  It's not as bad as you'd imagine, and you feel much better after it's over.  You might still have phantom pain for a while, but it's nowhere near as bad as the pain you started with.  \n\nEating a diet high in fat will make gallbladder disease worse, but you can't really get rid of the stones unless they pass naturally or you have them removed, either in surgery or with an ERCP."", ""The best remedy is surgury. I had surgery to have kidney stones removed. The surgery isn't as bad as you think it may be.""]]"
CAUSE,['I have you toyasunt is as'],"Gallstones left untreated can harm the gallbladder, causing severe infection and potentially death.","[[""Most gallstones are made of pure cholesterol.  You might try a diet with low fat and very low saturated fats.  Reducing the saturated fats will lower blood cholesterol and may (I'm not promising anything!) make the stones smaller.\n\nLowering your total fat intake may also help reduce or prevent pain.  Gallstones hurt because when you eat fat, the stomach senses it and tells the gallbladder to release some of the gall into the intestines to help digest the fat.  If you have stones, that squeezing is about like squeezing a handfull of pointy rocks.\n\nHowever...   I've had the surgery and it really isn't a big deal.  There is minimal scarring and the incisions aren't that much bigger than a bug bite or a medium sized zit.  \n\nIf you leave the gallstones there, they can get large enough to damage the gallbladder, with the result of a bad infection and that can cause death, which is a very Bad Thing!"", ""They now have a way of zapping them with sound that caused them to shatter instead of operating.  I don't know the details though."", 'If you really want to seek other alternatives I would look into finding a holistic store near you and maybe call and ask if they have any organic remedies.... usually a reg. doc. wont tell you those type of remedies because its not considered western medicine.... good luck', ""Have you seen a gastroenterologist?  They can do a minimally invasive procedure called an ERCP (Endoscopic Retrograde Cholangiopancreatography - try saying that 3 times fast!).  An ERCP won't get rid of the stones that are in the gallbladder...just the stones that are stuck in the duct leading from the GB to the small intestine.  They can make a tiny cut in the duct and pull gallstones out with a small balloon.  If the stone is too large, they have equipment that will crush the stone so it will pass freely.  \n\nI had the surgery myself about 10 years ago.  It's not as bad as you'd imagine, and you feel much better after it's over.  You might still have phantom pain for a while, but it's nowhere near as bad as the pain you started with.  \n\nEating a diet high in fat will make gallbladder disease worse, but you can't really get rid of the stones unless they pass naturally or you have them removed, either in surgery or with an ERCP."", ""The best remedy is surgury. I had surgery to have kidney stones removed. The surgery isn't as bad as you think it may be.""]]"
QUESTION,['yes or asiror are they are not always be sure they are they not usually M.'],It is inquired if the person has seen a gastroenterologist,"[[""Most gallstones are made of pure cholesterol.  You might try a diet with low fat and very low saturated fats.  Reducing the saturated fats will lower blood cholesterol and may (I'm not promising anything!) make the stones smaller.\n\nLowering your total fat intake may also help reduce or prevent pain.  Gallstones hurt because when you eat fat, the stomach senses it and tells the gallbladder to release some of the gall into the intestines to help digest the fat.  If you have stones, that squeezing is about like squeezing a handfull of pointy rocks.\n\nHowever...   I've had the surgery and it really isn't a big deal.  There is minimal scarring and the incisions aren't that much bigger than a bug bite or a medium sized zit.  \n\nIf you leave the gallstones there, they can get large enough to damage the gallbladder, with the result of a bad infection and that can cause death, which is a very Bad Thing!"", ""They now have a way of zapping them with sound that caused them to shatter instead of operating.  I don't know the details though."", 'If you really want to seek other alternatives I would look into finding a holistic store near you and maybe call and ask if they have any organic remedies.... usually a reg. doc. wont tell you those type of remedies because its not considered western medicine.... good luck', ""Have you seen a gastroenterologist?  They can do a minimally invasive procedure called an ERCP (Endoscopic Retrograde Cholangiopancreatography - try saying that 3 times fast!).  An ERCP won't get rid of the stones that are in the gallbladder...just the stones that are stuck in the duct leading from the GB to the small intestine.  They can make a tiny cut in the duct and pull gallstones out with a small balloon.  If the stone is too large, they have equipment that will crush the stone so it will pass freely.  \n\nI had the surgery myself about 10 years ago.  It's not as bad as you'd imagine, and you feel much better after it's over.  You might still have phantom pain for a while, but it's nowhere near as bad as the pain you started with.  \n\nEating a diet high in fat will make gallbladder disease worse, but you can't really get rid of the stones unless they pass naturally or you have them removed, either in surgery or with an ERCP."", ""The best remedy is surgury. I had surgery to have kidney stones removed. The surgery isn't as bad as you think it may be.""]]"
EXPERIENCE,['tyensed'],"In users experience, one user shares their experience of undergoing surgery to remove kidney stones, assuring that the procedure wasn't as daunting as expected. Despite the possibility of post-operative discomfort, the relief from the original pain was significant. They emphasize that the surgery for kidney stones isn't as intimidating as perceived.","[[""Most gallstones are made of pure cholesterol.  You might try a diet with low fat and very low saturated fats.  Reducing the saturated fats will lower blood cholesterol and may (I'm not promising anything!) make the stones smaller.\n\nLowering your total fat intake may also help reduce or prevent pain.  Gallstones hurt because when you eat fat, the stomach senses it and tells the gallbladder to release some of the gall into the intestines to help digest the fat.  If you have stones, that squeezing is about like squeezing a handfull of pointy rocks.\n\nHowever...   I've had the surgery and it really isn't a big deal.  There is minimal scarring and the incisions aren't that much bigger than a bug bite or a medium sized zit.  \n\nIf you leave the gallstones there, they can get large enough to damage the gallbladder, with the result of a bad infection and that can cause death, which is a very Bad Thing!"", ""They now have a way of zapping them with sound that caused them to shatter instead of operating.  I don't know the details though."", 'If you really want to seek other alternatives I would look into finding a holistic store near you and maybe call and ask if they have any organic remedies.... usually a reg. doc. wont tell you those type of remedies because its not considered western medicine.... good luck', ""Have you seen a gastroenterologist?  They can do a minimally invasive procedure called an ERCP (Endoscopic Retrograde Cholangiopancreatography - try saying that 3 times fast!).  An ERCP won't get rid of the stones that are in the gallbladder...just the stones that are stuck in the duct leading from the GB to the small intestine.  They can make a tiny cut in the duct and pull gallstones out with a small balloon.  If the stone is too large, they have equipment that will crush the stone so it will pass freely.  \n\nI had the surgery myself about 10 years ago.  It's not as bad as you'd imagine, and you feel much better after it's over.  You might still have phantom pain for a while, but it's nowhere near as bad as the pain you started with.  \n\nEating a diet high in fat will make gallbladder disease worse, but you can't really get rid of the stones unless they pass naturally or you have them removed, either in surgery or with an ERCP."", ""The best remedy is surgury. I had surgery to have kidney stones removed. The surgery isn't as bad as you think it may be.""]]"
INFORMATION,"[""Take it'ston""]","For information purposes, the said symptoms of feeling of incompleteness post defecation and queasiness in the stomach after eating are signs of irritable bowel syndrome (IBS). Common symptoms of IBS include Bloating, gas, Mucus in stool, constipation, diarrhea, incomplete feeling after defecation, abdominal pain ,etc. Symptoms are related to stress caused by traveling, social events or change in the diet. Avoiding trigger foods can help. Women may also face such symptoms during menstruation.","[['You may be constipated', 'Those are common symptoms of irritable bowel syndrome (IBS), which may be induced by stress or certain foods.  \n\nFrom familydoctor.org:\n\nCommon symptoms of IBS:\n-Bloating and gas \n-Mucus in the stool \n-Constipation \n-Diarrhea, especially after eating or first thing in the morning \n-Feeling like you still need to have a bowel movement after you\'ve already had one \n-Feeling a strong urge to have a bowel movement \n-Abdominal pain and cramping that may go away after having a bowel movement    \n\n""The symptoms may get worse when you\'re under stress, such as when you travel, attend social events or change your daily routine. Your symptoms may also get worse if you don\'t eat enough healthy foods or after you\'ve eaten a big meal. Some people are bothered by certain foods. Women who have IBS may notice more frequent symptoms during their menstrual periods.""', ""The above answer is good. Let's vote.""]]"
CAUSE,"[""Try topically'stetedative ibuprofen cream.""]",Symptoms such as queasiness and abdominal uneasiness could be caused by constipation or irritation bowel syndrome. These might by induced by certain trigger foods.,"[['You may be constipated', 'Those are common symptoms of irritable bowel syndrome (IBS), which may be induced by stress or certain foods.  \n\nFrom familydoctor.org:\n\nCommon symptoms of IBS:\n-Bloating and gas \n-Mucus in the stool \n-Constipation \n-Diarrhea, especially after eating or first thing in the morning \n-Feeling like you still need to have a bowel movement after you\'ve already had one \n-Feeling a strong urge to have a bowel movement \n-Abdominal pain and cramping that may go away after having a bowel movement    \n\n""The symptoms may get worse when you\'re under stress, such as when you travel, attend social events or change your daily routine. Your symptoms may also get worse if you don\'t eat enough healthy foods or after you\'ve eaten a big meal. Some people are bothered by certain foods. Women who have IBS may notice more frequent symptoms during their menstrual periods.""', ""The above answer is good. Let's vote.""]]"
INFORMATION,"[""a as's""]","Patients who lose at least 15 lbs often find almost complete relief from their symptoms. Additionally, for those experiencing severe heartburn due to a hiatal hernia, Gaviscon is recommended as a beneficial over-the-counter medicine to try.","[['I would recommend that you consult a gi doc and possibly get on medication but in the meantime avoid high stress, eating too fast, chocolate, coffee, laying doing right after eating, and spaghetti sauce or any foods high in acid.', ""GI Nurse is giving you good advice.\n\nIn my experience, patients who lose at least 15 lbs almost all have almost complete relief of their symptoms. Gaviscon is a good over-the-counter medicine for you to try if you're having bad heartburn due to your hiatal hernia.""]]"
SUGGESTION,"[""You' asnsp.""]","The recommendation advises consulting a GI (gastrointestinal) doctor and potentially starting medication. In the interim, it suggests avoiding high-stress situations, fast eating, chocolate, coffee, lying down right after eating, and acidic foods like spaghetti sauce.","[['I would recommend that you consult a gi doc and possibly get on medication but in the meantime avoid high stress, eating too fast, chocolate, coffee, laying doing right after eating, and spaghetti sauce or any foods high in acid.', ""GI Nurse is giving you good advice.\n\nIn my experience, patients who lose at least 15 lbs almost all have almost complete relief of their symptoms. Gaviscon is a good over-the-counter medicine for you to try if you're having bad heartburn due to your hiatal hernia.""]]"
SUGGESTION,['a asorrhea few days.'],"It is suggested to take vitamin E or Esperulina herbal tablets daily. Use Noxzema pads for skincare. Prioritize overall hygiene: change clothes regularly, wash with a non-abrasive sponge and mild soap, avoid harsh perfumes. Change underwear frequently. Use body-friendly creams, avoiding bleaching creams.","[[""I find my skin to be a hindrance, so I peel it off with a filet knife.  Hurts like *%#$, but I don't have any skin problems."", 'take vitamin E\nor\nEsperulina......its a herbal tablets and u can take 15 tablets everyday without harm.\nim using it now', 'Noxema pads worked pretty well for me when I had mild acne, but the most important thing is overall hygiene.', '1. Change ur clothings regularly\n2. Wash ur body with non-abrasive sponge.\n3. Use a mild soap and not detergent to bath.\n4. Avoid harsh perfumes.\n5. Change ur undies regularly.\n6. Use body friendly cream. Do not use bleaching cream.\nHave I answered ur questions?']]"
EXPERIENCE,"[""I have'sta----------it'Meso-it's s.""]","In one user's experience, Noxema pads proved to be an effective solution for mild acne.","[[""I find my skin to be a hindrance, so I peel it off with a filet knife.  Hurts like *%#$, but I don't have any skin problems."", 'take vitamin E\nor\nEsperulina......its a herbal tablets and u can take 15 tablets everyday without harm.\nim using it now', 'Noxema pads worked pretty well for me when I had mild acne, but the most important thing is overall hygiene.', '1. Change ur clothings regularly\n2. Wash ur body with non-abrasive sponge.\n3. Use a mild soap and not detergent to bath.\n4. Avoid harsh perfumes.\n5. Change ur undies regularly.\n6. Use body friendly cream. Do not use bleaching cream.\nHave I answered ur questions?']]"
INFORMATION,"[""a lawswrutendilmrlides.comety mom and try it's.comma------ http://www. Drink water and they can youtube.goo- and vitamins work.com/l.complex vitamins. Take vitamins- all that makes it works pretty much of B---- and works too-vitaminthoseso- drink water. Take thialine drip water and take a vitamin supplement plus extra - vitamins. vitamin supplement plus extra thiamine (100 mg plus extra thiamine (100 mgs) thiamine (100 mgs) to counter the best hangovere) to counter the B-fire cure is time. the B-vitamint- as your body - vitamin deplein-your body metabolizestion caused bye-metabolizes the toxic overdose, symptoms subside the toxic overdose, symptoms subside. good-dose, symptoms subside. Take sasue. Take a B-.e. Take a B-complex vitamin supplement a B-complex vitamin supplement plus extra -complex vitamin supplement plus extra thiamine (100 mg plus extra thiamine (100 mgs) thiamine (100 mgs) to counter the best- mgs) to counter the B-fire remedy is re the B-vitamint is time-b-vitamin deplen'sa- vitamin depletion caused by . duption caused by alcohol, symptoms subsideed by alcohol, symptoms subside. . , symptoms subside. Take asase. take a B-com- and a B-complex vitamin supplement a B-complex vitamin supplement plus extra .complex vitamin supplement plus extra thiamine (100 mg plus extra thiamine (100 mgs) thiamine (100 mgs) to countering (100 mgs) to counter the B-firemin) to counter the B-vitamin depleate the B-vitamin depletion caused B-vitamin depletion caused by alcohol overdose, symptoms, caused by alcohol, symptoms, symptoms subside.""]","For information purposes, avian influenza virus subtypes confirmed in humans, listing them by historical impact. The negative sense, single-stranded, segmented RNA nature of these viruses and mentions the discovery of a new HA type (H16) in black-headed gulls in 1999. The subtypes include H1N1 (Spanish flu), H2N2 (Asian Flu), H3N2 (Hong Kong Flu), H5N1 (current pandemic threat), H7N7, H9N2, H7N2, and H7N3, with a total of 16 HA antigens (H1 to H16) and nine NA antigens (N1 to N9) identified in influenza.","[['The avian influenzavirus subtypes that have been confirmed in humans, ordered by the number of known human deaths, are: H1N1 caused Spanish flu, H2N2 caused Asian Flu, H3N2 caused Hong Kong Flu, H5N1 is the current pandemic threat, H7N7, H9N2, H7N2, H7N3.\n\nAvian influenza viruses are negative sense, single-stranded, segmented RNA viruses. ""There are 16 different HA antigens (H1 to H16) and nine different NA antigens (N1 to N9) for influenza A. Until recently, 15 HA types had been recognized, but a new type (H16) was isolated from black-headed gulls caught in Sweden and the Netherlands in 1999 and reported in the literature in 2005.""', 'Here is some information:\n\nhttp://panademic.ws/\nhttp://www7.nationalgeographic.com/ngm/0510/feature1/\nhttp://news.bbc.co.uk/1/hi/world/asia-pacific/4292426.stm']]"
SUGGESTION,['I have you lti ages of 13 years. It really depends on the yrs normal for the person. person. It is for it to start if you start anywhere between the start anywhere between the period a between the ages the ages of 8 and 13 ages of 8 and 13 and 13.'],"  To cure hiccups, you can try various methods, such as holding an ice cube to your throat for about 20 to 30 seconds, holding your nose while taking big gulps of water, swallowing saliva immediately after the first hiccup, and avoiding overeating. Additionally, you can take a deep breath and hold it, submerge yourself underwater and hold your breath, or set a glass of water with a straw on a table, plug your ears and nose, and drink from the straw. Consuming a spoonful of sugar quickly or focusing on your middle name for 5-10 seconds and saying it out loud are alternative approaches. If these methods don't work, biting down on the middle part of a straw and then drinking half a glass of water or drinking a full glass of water with your chin practically in the glass, bending your neck and head, may provide relief by stimulating the vagus nerve or interrupting the hiccup reflex.","[['You are gonna get a lot of answers saying to hold your breath, but that only works sometimes and not with every person. Try holding an ice cube to your throat for about 20 to 30 seconds. Also try holding your nose while you take big gulps of water.', ""What I have done for hiccups all my life is swallow saliva immediately after receiving the first hiccup and it goes away. I've done it forever and it works, try it next you get it. And don't over eat it sometimes causes hiccups."", 'Hold your breath. Take a deep breath.', 'Hold your breath under water for 10 minutes. Get a friend to help.', ""Set a glass of water on a table with a straw in it and plug your ears and nose while drinking from the straw, I swear it works. The spoon full of sugar works too, but it's hard to swallow, you'll have to drink water anyway."", ""Holding your breath doesn't really work. Burping does. There are two steps for a hiccup.. let's say you go hic (when you inhale) and then cup (when you exhale) Instead of exhaling the cup, burp it out. Hic, hold the air bubble in your throat and try to make it travel up, and burp it out. If you don't know how to make yourself burp (like myself), get yourself some coke or 7up or sprite, anything gassy to make you burp faster :o)"", 'eat one teaspoon of sugar, will provide instant relief!', ""Eat a spoonful of sugar quickly. Your senses will overload with the response from the receptors that the sugar triggered off, and you won't hiccup anymore."", ""focus on your middle name for 5-10 seconds then say it OUT LOUD. if that doesn't work, use brother/sisters middle name."", '2 methods, both work, but one is a bit difficult\n1. Bite down on the middle part of a straw or pen or pencil in your mouth (the straw is not in your mouth like you are using to drink with, you are biting on the middle so the ends are outside your mouth near your cheeks).  Then drink a half of a glass of water.\n\n2.  Take a full glass of water and drink on the opposite side that you normally do (so your chin is pratically in the glass).  In order to do this you will have to bend your neck and head.  Drink about half the glass.\n\nGood luck']]"
EXPERIENCE,['n and buggersordumps our body removes are the defensive means our nose hairs such particles that help our body removes.'],"In users expereince, one individual says that they cure their hiccups by swallowing saliva immediately after receiving the first hiccup.","[['You are gonna get a lot of answers saying to hold your breath, but that only works sometimes and not with every person. Try holding an ice cube to your throat for about 20 to 30 seconds. Also try holding your nose while you take big gulps of water.', ""What I have done for hiccups all my life is swallow saliva immediately after receiving the first hiccup and it goes away. I've done it forever and it works, try it next you get it. And don't over eat it sometimes causes hiccups."", 'Hold your breath. Take a deep breath.', 'Hold your breath under water for 10 minutes. Get a friend to help.', ""Set a glass of water on a table with a straw in it and plug your ears and nose while drinking from the straw, I swear it works. The spoon full of sugar works too, but it's hard to swallow, you'll have to drink water anyway."", ""Holding your breath doesn't really work. Burping does. There are two steps for a hiccup.. let's say you go hic (when you inhale) and then cup (when you exhale) Instead of exhaling the cup, burp it out. Hic, hold the air bubble in your throat and try to make it travel up, and burp it out. If you don't know how to make yourself burp (like myself), get yourself some coke or 7up or sprite, anything gassy to make you burp faster :o)"", 'eat one teaspoon of sugar, will provide instant relief!', ""Eat a spoonful of sugar quickly. Your senses will overload with the response from the receptors that the sugar triggered off, and you won't hiccup anymore."", ""focus on your middle name for 5-10 seconds then say it OUT LOUD. if that doesn't work, use brother/sisters middle name."", '2 methods, both work, but one is a bit difficult\n1. Bite down on the middle part of a straw or pen or pencil in your mouth (the straw is not in your mouth like you are using to drink with, you are biting on the middle so the ends are outside your mouth near your cheeks).  Then drink a half of a glass of water.\n\n2.  Take a full glass of water and drink on the opposite side that you normally do (so your chin is pratically in the glass).  In order to do this you will have to bend your neck and head.  Drink about half the glass.\n\nGood luck']]"
INFORMATION,[': Sitasordyesle her back.'],Holding your breath to cure hiccups does not always work for everyone.,"[['You are gonna get a lot of answers saying to hold your breath, but that only works sometimes and not with every person. Try holding an ice cube to your throat for about 20 to 30 seconds. Also try holding your nose while you take big gulps of water.', ""What I have done for hiccups all my life is swallow saliva immediately after receiving the first hiccup and it goes away. I've done it forever and it works, try it next you get it. And don't over eat it sometimes causes hiccups."", 'Hold your breath. Take a deep breath.', 'Hold your breath under water for 10 minutes. Get a friend to help.', ""Set a glass of water on a table with a straw in it and plug your ears and nose while drinking from the straw, I swear it works. The spoon full of sugar works too, but it's hard to swallow, you'll have to drink water anyway."", ""Holding your breath doesn't really work. Burping does. There are two steps for a hiccup.. let's say you go hic (when you inhale) and then cup (when you exhale) Instead of exhaling the cup, burp it out. Hic, hold the air bubble in your throat and try to make it travel up, and burp it out. If you don't know how to make yourself burp (like myself), get yourself some coke or 7up or sprite, anything gassy to make you burp faster :o)"", 'eat one teaspoon of sugar, will provide instant relief!', ""Eat a spoonful of sugar quickly. Your senses will overload with the response from the receptors that the sugar triggered off, and you won't hiccup anymore."", ""focus on your middle name for 5-10 seconds then say it OUT LOUD. if that doesn't work, use brother/sisters middle name."", '2 methods, both work, but one is a bit difficult\n1. Bite down on the middle part of a straw or pen or pencil in your mouth (the straw is not in your mouth like you are using to drink with, you are biting on the middle so the ends are outside your mouth near your cheeks).  Then drink a half of a glass of water.\n\n2.  Take a full glass of water and drink on the opposite side that you normally do (so your chin is pratically in the glass).  In order to do this you will have to bend your neck and head.  Drink about half the glass.\n\nGood luck']]"
INFORMATION,['Have a ...'],"For information purposes, definitely no a lot of people follow this diet","[['Certainly not.  Many people do this.', 'Definitely. If you want to go on a diet or change your eating preferences, better check with a nutritionist so that you will still get all the important nutrients your body needs with regular food or substitutes :-)']]"
SUGGESTION,"[""Saidastasimido you's.""]",Consult a nutritionist before altering your diet to ensure you receive essential nutrients from regular food or substitutes.,"[['Certainly not.  Many people do this.', 'Definitely. If you want to go on a diet or change your eating preferences, better check with a nutritionist so that you will still get all the important nutrients your body needs with regular food or substitutes :-)']]"
QUESTION,['You may bet asnect. They poke your akin needles are poke your akin with needles that needleskin with needles that have ins that have ins that have insnect on the insnect onsnect on the end ofnect on the end on the end.'],It is inquired if they are still able to breathe.,"[[""Sorry to say but there is no simple cure for obstructive sleep apnea. The common regimen for obstructive sleep apean is CPAP. CPAP is Continuous Positve Airway Pressure. Obstructive sleep apnea occurs from closure of the glottis (a little flap in your throat that). CPAP will continously keep that open as to prevent it's shutting down to the trachea (your breathing tube). It is worth going through this. Afterall, it is your breathing. Without breathing, you're pretty much lifeless. CPAP is noninvasive. The only downfall to CPAP is wearing the hideous mask and the face dents from the aftermath. But nonetheless, you are breathing right? Hope this helps"", 'No, still testing.']]"
INFORMATION,"[""ovropstadov. Track your vagina.comevute your cycles. Get tested for STDest cycle, so you and tested for STD'soovulated STD's, ... if you shouldn's, and start having unprotecte't ovuprotected ... vusoft.""]","Unfortunately, there is no simple cure for obstructive sleep apnea, with the common treatment being Continuous Positive Airway Pressure (CPAP). This method prevents the closure of the glottis in the throat, ensuring a continuous open airway and averting potential breathing interruptions. Despite the efficacy, the drawbacks of CPAP include the inconvenience of wearing a mask and the possible facial indentations it may cause. However, considering the critical importance of uninterrupted breathing, enduring these downsides is often deemed worthwhile.","[[""Sorry to say but there is no simple cure for obstructive sleep apnea. The common regimen for obstructive sleep apean is CPAP. CPAP is Continuous Positve Airway Pressure. Obstructive sleep apnea occurs from closure of the glottis (a little flap in your throat that). CPAP will continously keep that open as to prevent it's shutting down to the trachea (your breathing tube). It is worth going through this. Afterall, it is your breathing. Without breathing, you're pretty much lifeless. CPAP is noninvasive. The only downfall to CPAP is wearing the hideous mask and the face dents from the aftermath. But nonetheless, you are breathing right? Hope this helps"", 'No, still testing.']]"
CAUSE,"[""I have you mean -----I think it would make life is there are you shouldn's life miserable for everyone aware of t be miserable for those affected?""]",This may be gas or heart related.,"[['chuck get off the roids ok!', ""Could be gas related, could be heart related...Go to the Dr. & maybe they'll give you an EKG. Hope it starts feeling better."", 'What is a heart attack?', 'sounds like 2 too many bean burritos from taco bell...that gas will kill ya', 'go to the hospital it may be heart related.']]"
SUGGESTION,"['Yes, but not all of what is there is it is it is well?']",It is suggested to go to a doctor and possibly get an EKG.,"[['chuck get off the roids ok!', ""Could be gas related, could be heart related...Go to the Dr. & maybe they'll give you an EKG. Hope it starts feeling better."", 'What is a heart attack?', 'sounds like 2 too many bean burritos from taco bell...that gas will kill ya', 'go to the hospital it may be heart related.']]"
INFORMATION,['s as an elephantsedrier weather causes your skin condition'],"For information purposes, blood in the stool could be an indication of a serious problem.","[['Try the links below. The first is a quiz to see if you have IBS (Irritable Bowel Syndrome). The other one is a link to all the hits that contain ""mucus in stool"" on WebMD.com. I hope this helps. Just be careful. I searched for ""blood in stool"" and a lot of cancer articles came up (see the third link). I would have your stool tested again to see if there\'s anything seriously wrong.', ""Go back to your doctor and if that person doesn't treat this as a major problem, go to someone else.  Blood in the stool is a very bad sign.  \n\nWhile you're at it, add yogurt or lactobacillus acidopholus to your diet, and other fibers besides shredded wheat, such as oatmeal, whole grain breads, fruits (apples are good, even applesauce)."", 'It could be Khrons disease or IBS...i would seek the opinion of a gastroenterologist.', 'Change doctors', 'http://www.helpforibs.com/']]"
CAUSE,['SUGHT lower the wrist adoos your wrist splintsss toesplint.'],"Some of the causes of mucus, blood, and clots in stools include Irritable Bowel Syndrome (IBS) and Crohn's disease. Both conditions can disrupt normal digestive processes, leading to these symptoms.","[['Try the links below. The first is a quiz to see if you have IBS (Irritable Bowel Syndrome). The other one is a link to all the hits that contain ""mucus in stool"" on WebMD.com. I hope this helps. Just be careful. I searched for ""blood in stool"" and a lot of cancer articles came up (see the third link). I would have your stool tested again to see if there\'s anything seriously wrong.', ""Go back to your doctor and if that person doesn't treat this as a major problem, go to someone else.  Blood in the stool is a very bad sign.  \n\nWhile you're at it, add yogurt or lactobacillus acidopholus to your diet, and other fibers besides shredded wheat, such as oatmeal, whole grain breads, fruits (apples are good, even applesauce)."", 'It could be Khrons disease or IBS...i would seek the opinion of a gastroenterologist.', 'Change doctors', 'http://www.helpforibs.com/']]"
EXPERIENCE,['I would you earsiwd suggest going to go to see a earo an ad if someone with deaudiologist'],In one users experience caution against searching the internet for blood in the stool as it returns a lot of information on cancer which might trigger unwarranted fear.,"[['Try the links below. The first is a quiz to see if you have IBS (Irritable Bowel Syndrome). The other one is a link to all the hits that contain ""mucus in stool"" on WebMD.com. I hope this helps. Just be careful. I searched for ""blood in stool"" and a lot of cancer articles came up (see the third link). I would have your stool tested again to see if there\'s anything seriously wrong.', ""Go back to your doctor and if that person doesn't treat this as a major problem, go to someone else.  Blood in the stool is a very bad sign.  \n\nWhile you're at it, add yogurt or lactobacillus acidopholus to your diet, and other fibers besides shredded wheat, such as oatmeal, whole grain breads, fruits (apples are good, even applesauce)."", 'It could be Khrons disease or IBS...i would seek the opinion of a gastroenterologist.', 'Change doctors', 'http://www.helpforibs.com/']]"
SUGGESTION,['a way toyerediehunkerrn'],"It is suggested to get tested for Irritable Bowel Syndrome (IBS) and another stool test considering the expulsion of blood, mucus and clot in the stool to find any serious issues. A doctor must be consulted and seek a second opinion must be sought. Additionally, one could incorporate yogurt or lactobacillus acidophilus, along with diverse fibers like oatmeal, whole grain breads, and fruits (particularly apples) to their diet. It's advisable to consult with a gastroenterologist for a more specialized opinion.","[['Try the links below. The first is a quiz to see if you have IBS (Irritable Bowel Syndrome). The other one is a link to all the hits that contain ""mucus in stool"" on WebMD.com. I hope this helps. Just be careful. I searched for ""blood in stool"" and a lot of cancer articles came up (see the third link). I would have your stool tested again to see if there\'s anything seriously wrong.', ""Go back to your doctor and if that person doesn't treat this as a major problem, go to someone else.  Blood in the stool is a very bad sign.  \n\nWhile you're at it, add yogurt or lactobacillus acidopholus to your diet, and other fibers besides shredded wheat, such as oatmeal, whole grain breads, fruits (apples are good, even applesauce)."", 'It could be Khrons disease or IBS...i would seek the opinion of a gastroenterologist.', 'Change doctors', 'http://www.helpforibs.com/']]"
SUGGESTION,['Noetle ...'],Private practice is a good option for doctors as suggested.,[['There are no. of hospitals for Ayurvedic treatments in India. You can try google search engine.. am sure u will be able to get the desired information..Private practise is another gud option...  :)']]
INFORMATION,['I havenstasprrrita.'],"For information purposes, there are no hospitals for Ayurvedic treatments in India.",[['There are no. of hospitals for Ayurvedic treatments in India. You can try google search engine.. am sure u will be able to get the desired information..Private practise is another gud option...  :)']]
EXPERIENCE,['ss it up youredomitimoneee not to lose 30 pounds.'],"In users expereince, one individual clears all their thoughts to fall sleep. Another individual does yoga and seldom finishes before they are already asleep/ Another individual and awful sleep problems and was diagnosed with narcolepsy.","[[""Try reading a really boring book, like Joyce's Ulysses"", 'warm milk', ""Try autogenics. (first link)\n\nIts a meditative, disciplined method that teaches you to relax your muscles.  It may not get you to sleep immediately but it will help you to relax enough for your body to get sufficient rest.\n\nAlso, you can try some kind of meditation techniques like yoga.  This will help you clear your mind as well as relax you.   \n\nInsomnia sometimes is a symptom of stress due to change. Changing your diet and exercise can help. Also changing your sleeping environment. Link is below if you'd care to read more on this."", 'stay up really late and watch an old boring movie it always works for me', 'Masterbait, have sex, or be masturbated.', 'I find that clearing all my thoughts helped me sleep', ""Go to bed at the same time every night and get up in the morning at the same time. Try to get some bright light in your eyes in the morning to help set your circadian rhythm.\n\nTry to set up a bedtime routine, even something simple like brushing your teeth, getting dressed for bed, locking the doors.  Enough things so your mind gets trained, like Pavlov's dog, to expect bedtime and sleepiness to come when you start it.  Add some quiet music before bed, or play a relaxation tape when you go to bed.\n\nTry to breathe deeply and slowly, concentrating on the exhale part of your breath as that is the most relaxing part.\n\nConsciously try to relax each part of your body, starting from the toes and working your way up.  I seldom get past my knees before I'm snoozing.\n\nFrom someone who had such awful sleep problems some years ago that I was actually diagnosed with narcolepsy."", 'Here is something to try:\n\n1. Don\'t spend anymore time lying around in bed not being able to sleep.  You should only be in bed when you are tired and ready for sleep.\n\n2. Don\'t read in bed, watch TV in bed, stay up late talking in bed, do all that somewhere else.  Bed is for sleeping\n\n3.  Don\'t spend any longer than ten minutes in bed lying awake.  After ten minutes get up, leave the room, and do something else.  \n\n4.  While you\'re doing something else if you feel yourself getting sleepy go to bed, but again don\'t stay in bed for more than ten minutes if you cannot sleep.   Furthermore, don\'t let yourself fall asleep doing that other activity.  Go to bed as soon as you feel tired.  \n\n5. Do this the entire night if you have to.\n\n6. Do everything you can to keep yourself from taking naps and sleeping ""during the day.""  Sleeping is for ""nighttime"" only.']]"
SUGGESTION,"[""Try to it'stondoilingests amin.""]","To promote better sleep without resorting to drugs, consider trying autogenics, a meditative and disciplined technique that helps relax your muscles. Other methods include practicing meditation, such as yoga, establishing a consistent sleep schedule, incorporating a bedtime routine with calming activities, and focusing on deep and slow breathing. Avoid activities like reading or watching TV in bed and limit the time spent lying awake to around ten minutes. If sleep doesn't come, get up, engage in a different activity, and return to bed when you feel sleepy. Steer clear of daytime napping to reinforce a regular nighttime sleep pattern.","[[""Try reading a really boring book, like Joyce's Ulysses"", 'warm milk', ""Try autogenics. (first link)\n\nIts a meditative, disciplined method that teaches you to relax your muscles.  It may not get you to sleep immediately but it will help you to relax enough for your body to get sufficient rest.\n\nAlso, you can try some kind of meditation techniques like yoga.  This will help you clear your mind as well as relax you.   \n\nInsomnia sometimes is a symptom of stress due to change. Changing your diet and exercise can help. Also changing your sleeping environment. Link is below if you'd care to read more on this."", 'stay up really late and watch an old boring movie it always works for me', 'Masterbait, have sex, or be masturbated.', 'I find that clearing all my thoughts helped me sleep', ""Go to bed at the same time every night and get up in the morning at the same time. Try to get some bright light in your eyes in the morning to help set your circadian rhythm.\n\nTry to set up a bedtime routine, even something simple like brushing your teeth, getting dressed for bed, locking the doors.  Enough things so your mind gets trained, like Pavlov's dog, to expect bedtime and sleepiness to come when you start it.  Add some quiet music before bed, or play a relaxation tape when you go to bed.\n\nTry to breathe deeply and slowly, concentrating on the exhale part of your breath as that is the most relaxing part.\n\nConsciously try to relax each part of your body, starting from the toes and working your way up.  I seldom get past my knees before I'm snoozing.\n\nFrom someone who had such awful sleep problems some years ago that I was actually diagnosed with narcolepsy."", 'Here is something to try:\n\n1. Don\'t spend anymore time lying around in bed not being able to sleep.  You should only be in bed when you are tired and ready for sleep.\n\n2. Don\'t read in bed, watch TV in bed, stay up late talking in bed, do all that somewhere else.  Bed is for sleeping\n\n3.  Don\'t spend any longer than ten minutes in bed lying awake.  After ten minutes get up, leave the room, and do something else.  \n\n4.  While you\'re doing something else if you feel yourself getting sleepy go to bed, but again don\'t stay in bed for more than ten minutes if you cannot sleep.   Furthermore, don\'t let yourself fall asleep doing that other activity.  Go to bed as soon as you feel tired.  \n\n5. Do this the entire night if you have to.\n\n6. Do everything you can to keep yourself from taking naps and sleeping ""during the day.""  Sleeping is for ""nighttime"" only.']]"
INFORMATION,['For information nassane information purposes'],"Incorporate yoga into your routine will enhance your sleep. This practice can clear your mind and induce relaxation, potentially alleviating insomnia related to stress or change. Additionally, consider adjusting your diet and engaging in regular exercise to positively impact your sleep. Evaluate and make changes to your sleeping environment for further improvement in sleep quality.","[[""Try reading a really boring book, like Joyce's Ulysses"", 'warm milk', ""Try autogenics. (first link)\n\nIts a meditative, disciplined method that teaches you to relax your muscles.  It may not get you to sleep immediately but it will help you to relax enough for your body to get sufficient rest.\n\nAlso, you can try some kind of meditation techniques like yoga.  This will help you clear your mind as well as relax you.   \n\nInsomnia sometimes is a symptom of stress due to change. Changing your diet and exercise can help. Also changing your sleeping environment. Link is below if you'd care to read more on this."", 'stay up really late and watch an old boring movie it always works for me', 'Masterbait, have sex, or be masturbated.', 'I find that clearing all my thoughts helped me sleep', ""Go to bed at the same time every night and get up in the morning at the same time. Try to get some bright light in your eyes in the morning to help set your circadian rhythm.\n\nTry to set up a bedtime routine, even something simple like brushing your teeth, getting dressed for bed, locking the doors.  Enough things so your mind gets trained, like Pavlov's dog, to expect bedtime and sleepiness to come when you start it.  Add some quiet music before bed, or play a relaxation tape when you go to bed.\n\nTry to breathe deeply and slowly, concentrating on the exhale part of your breath as that is the most relaxing part.\n\nConsciously try to relax each part of your body, starting from the toes and working your way up.  I seldom get past my knees before I'm snoozing.\n\nFrom someone who had such awful sleep problems some years ago that I was actually diagnosed with narcolepsy."", 'Here is something to try:\n\n1. Don\'t spend anymore time lying around in bed not being able to sleep.  You should only be in bed when you are tired and ready for sleep.\n\n2. Don\'t read in bed, watch TV in bed, stay up late talking in bed, do all that somewhere else.  Bed is for sleeping\n\n3.  Don\'t spend any longer than ten minutes in bed lying awake.  After ten minutes get up, leave the room, and do something else.  \n\n4.  While you\'re doing something else if you feel yourself getting sleepy go to bed, but again don\'t stay in bed for more than ten minutes if you cannot sleep.   Furthermore, don\'t let yourself fall asleep doing that other activity.  Go to bed as soon as you feel tired.  \n\n5. Do this the entire night if you have to.\n\n6. Do everything you can to keep yourself from taking naps and sleeping ""during the day.""  Sleeping is for ""nighttime"" only.']]"
SUGGESTION,"['Tolsesasutast, tobacco and ...']","An  exercise was suggested which  involves sitting on the floor or a chair and gently stretching the neck muscles to release tension and enhance flexibility. By placing the left hand under the left side of the pelvis and allowing the neck to hang to the right, individuals gradually shift their weight to the right side, applying pressure with the left hand to encourage a controlled stretch. Deep breathing is incorporated to enhance the stretch, emphasizing expansion of the neck with each inhale. The goal is to create more space between the left ear and shoulder as the head hangs to the right. After holding this position for 5-15 breaths, individuals slowly return to the center, maintaining the head's rightward position, and then proceed to repeat the stretch on the right side. The exercise concludes by using the right hand to gently guide the head back to the center without engaging the neck muscles. As with any exercise, it's essential to be mindful of individual comfort and discontinue if any pain or discomfort arises. Consultation with a healthcare professional is recommended, especially for those with pre-existing neck conditions or concerns.","[[""I just had this problem myself.  I used one of those neck thermaCare pads & it helped sooo much.  If that doesn't completely take it away in a day or so I'd see a chiropractor.  A good one will take an x-ray before they try to adjust."", 'sit on the floor or on a chair. Take your left hand and place it under the left side of your pelvis, palm down. Let your neck hang to the right. Slowly shift your weight over to your right side, lifting your the left side of your pelvis slightly. (keep your neck hanging to the right). Press down with the ""heel"" of your left hand as you shift your weight to the right. Extend through your left arm as you press the heel of your hand down into the ground/ chair so that your elbow straightens (but not over extends). Now breathe deep (NOT FORCED BREATHING!) and imagine that your lungs are in your neck. Feel for your neck expand with your inhale. On your exhale, feel for the weight of your head and gravity creating more distance between your left ear and your left shoulder. Continue to breathe in this way. If it is too intense, lean less to the right. If not feeling anything. Make sure your neck is relaxed, your elbow is straight and the heel of your left hand is reaching down. Enjoy 5-15 breaths like this. IMPORTANT: when you want to come out of this, slowly shift the weight back to center (KEEP YOUR HEAD HANGING TO THE RIGHT!). Then take your left hand out from under your pelvis. (KEEP YOUR HEAD HANGING TO THE RIGHT!). Then take your right hand on the right side of your head/face; while inhaling, withOUT using your neck muscles, use your right hand/arm to push your head up to center. DO NOT USE YOUR NECK MUSCLES TO BRING YOUIR HEAD BACK UP! Take a few breaths here. Then repeat this on the right side. Hope this helps.']]"
EXPERIENCE,['ssiee...'],"In users experience, an individual experiencing neck discomfort shared a personal solution for relief. Using a neck ThermaCare pad proved beneficial in alleviating the issue. The suggestion is to apply the pad and observe if it provides relief within a day. Additionally, the individual recommends consulting a chiropractor if the discomfort persists. A quality chiropractor, as per the recommendation, should conduct an X-ray before performing any adjustments. This advice combines a self-care approach with the consideration of professional assistance, emphasizing the importance of seeking further medical evaluation if needed.","[[""I just had this problem myself.  I used one of those neck thermaCare pads & it helped sooo much.  If that doesn't completely take it away in a day or so I'd see a chiropractor.  A good one will take an x-ray before they try to adjust."", 'sit on the floor or on a chair. Take your left hand and place it under the left side of your pelvis, palm down. Let your neck hang to the right. Slowly shift your weight over to your right side, lifting your the left side of your pelvis slightly. (keep your neck hanging to the right). Press down with the ""heel"" of your left hand as you shift your weight to the right. Extend through your left arm as you press the heel of your hand down into the ground/ chair so that your elbow straightens (but not over extends). Now breathe deep (NOT FORCED BREATHING!) and imagine that your lungs are in your neck. Feel for your neck expand with your inhale. On your exhale, feel for the weight of your head and gravity creating more distance between your left ear and your left shoulder. Continue to breathe in this way. If it is too intense, lean less to the right. If not feeling anything. Make sure your neck is relaxed, your elbow is straight and the heel of your left hand is reaching down. Enjoy 5-15 breaths like this. IMPORTANT: when you want to come out of this, slowly shift the weight back to center (KEEP YOUR HEAD HANGING TO THE RIGHT!). Then take your left hand out from under your pelvis. (KEEP YOUR HEAD HANGING TO THE RIGHT!). Then take your right hand on the right side of your head/face; while inhaling, withOUT using your neck muscles, use your right hand/arm to push your head up to center. DO NOT USE YOUR NECK MUSCLES TO BRING YOUIR HEAD BACK UP! Take a few breaths here. Then repeat this on the right side. Hope this helps.']]"
INFORMATION,"[""Get ridd<unk>'sesin touch up your constipleepready with fiber.""]","For information purposes, acne and pimples are a common part of adolescence for many teenagers. While some may experience breakouts, others may not. However, the occurrence of acne is not directly caused by engaging in sexual activity.","[[""Most teenagers experience acne / pimples.  Most likely, it's simply part of growing up and growing older.  Practice thorough hygiene everyday, and you'll have better control over it.  However, don't be too alarmed if your don't finally conquer acne until you are in your 20's."", ""It's a part of growing up.some teens get pimples & others dont.Increase in sex hormones partly affects acne development.""]]"
SUGGESTION,['s'],Maintaining good hygiene consistently can assist in managing acne. Don't worry if acne persists into your 20s; it's common and doesn't necessarily relate to sexual activity.,"[[""Most teenagers experience acne / pimples.  Most likely, it's simply part of growing up and growing older.  Practice thorough hygiene everyday, and you'll have better control over it.  However, don't be too alarmed if your don't finally conquer acne until you are in your 20's."", ""It's a part of growing up.some teens get pimples & others dont.Increase in sex hormones partly affects acne development.""]]"
CAUSE,"[""You may be careful what you shouldn'It be touching the inside of t be touched the source of your mouth""]",Sex hormones contribute to the development of acne.,"[[""Most teenagers experience acne / pimples.  Most likely, it's simply part of growing up and growing older.  Practice thorough hygiene everyday, and you'll have better control over it.  However, don't be too alarmed if your don't finally conquer acne until you are in your 20's."", ""It's a part of growing up.some teens get pimples & others dont.Increase in sex hormones partly affects acne development.""]]"
INFORMATION,['yes or do itllasorthen'],"Iyengar yoga, often regarded as the foundational textbook of yoga, emphasizes fundamental principles, alignment, and a slower pace with the use of props for proper adjustments. In contrast, Ashtanga yoga, also known as power or flow yoga, is faster-paced, follows a specific series of connected poses, and incorporates deep ujayi breathing. For beginners, it is recommended to start with basic Iyengar or Hatha yoga to grasp fundamental physics and elements. Ashtanga, considered physically challenging, is best approached with a familiarity of yoga basics.","[['Iyengar yoga is many times seen as the textbook to yoga.  It is foundamental, focus on alignment, slower in pace, one-by-one, and utilize props to make proper adjustment.  \n\nAshtanga yoga is often referred to as power yoga or flow yoga.  It is faster in pace, constructed in a specific series of movements, connected poses, and deep when combining with strong, deep ujayu beathing. \n\nFor yoga beginners basic Iyengar or Hatha yoga style is recommended because it is critical to understand the fooundamental physics and elements in yoga.  Ashtanga is physically challenged and better start it with some faimiliarity of yoga basics!', 'Iyengar and Ashtanga yoga are different styles of Yoga. \nIyengar yoga is softer on the body and good for beginners. Ashtanga is also known as ""Power Yoga"" and is practised by athletes for building up stamina and strength. \n\nMore detailed information available below']]"
INFORMATION,"['Yes, but not allol AIDS can an aidsotatalid s infically yes.']","Choroidal neovascularization (CNV) is commonly associated with macular degeneration, where new blood vessels grow through cracks in Bruch's membrane beneath the retina, leading to fluid leakage and bleeding, eventually causing damage to the overlying retina and resulting in decreased or distorted vision. In newborns, CNV may be linked to inherited eye diseases or cytomegalovirus (CMV), a lifelong, incurable virus related to herpes. CMV, often without symptoms, can be transmitted from mother to baby during pregnancy or delivery, leading to congenital CMV infection. Most infected babies show no symptoms at birth, but around 15% may develop neurological abnormalities like mental retardation or hearing loss. Approximately one in 1,000 babies with CMV symptoms at birth may experience serious complications, and there is currently no treatment to reverse congenital CMV effects, although research is ongoing, including the investigation of antiviral drug ganciclovir's potential benefits for affected babies.","[[""Choroidal neovascularization (CNV) is normally associated with macular degeneration. Most of the time, this occurs when new blood vessels grow through cracks in tissue layers beneath the retina called Bruch's membrane. As CNV progresses, the abnormal vessels may leak fluid and bleed.  Eventually this process causes damage to the overlying retina. Decreased and/or distorted vision will often occur. As for the cause in a newborn, I would guess that it would be an inherited eye disease."", 'I think that you mean CMV, cytomegalovirus. Cytomegalovirus (CMV) is a virus related to the herpes virus group of infections. Like herpes, it is inactive at times, but it is incurable and is a life-time infection. CMV may be passed from a mother to her baby during pregnancy and is the most common congenital viral infection. It is also called congenital cytomegalovirus or cytomegalovirus inclusion disease. CMV without symptoms is common in babies and young children. It is found in saliva, urine, semen, and other body fluids. The virus is easily spread in households and in daycare centers. It can be transmitted to the fetus during pregnancy and to the baby during delivery or in breast milk.\n\nOver half of women of childbearing age become infected with CMV at least six months before becoming pregnant. There appear to be few risks for complications of CMV for this group and only a few babies have the infection at birth. These babies appear to have no significant illness or abnormalities.\n\nAbout 90 percent of babies who are infected with CMV have no symptoms at birth. But as many as 15 percent of these babies develop one or more neurological abnormalities — such as mental retardation, learning disabilities, hearing or vision loss — usually in the first year or two of life. Congenital CMV infection is a leading cause of hearing loss in children.\n\nAbout one in 1,000 babies (about 4,000 babies each year) shows symptoms of CMV at birth. These symptoms may include an enlarged spleen or liver, jaundice (yellowing of the skin and eyes), and a distinctive rash. Up to 20 percent of these babies die, and about 90 percent of the survivors suffer from serious neurological defects, such as mental retardation.\n\nAt present there is no treatment that can halt or reverse the effects of congenital CMV. However, doctors are investigating whether a new antiviral drug called ganciclovir — which is used to treat adults with AIDS who have CMV-related eye infections — also may help babies with congenital CMV.']]"
INFORMATION,"['senstor, or at least an hour and ---least an hour']","Tonsil removal is considered a relatively straightforward and minor surgery, but like any surgical procedure, it carries inherent risks. While tonsillectomy is among the less risky surgeries, it's important to note that tonsils play a vital role in catching germs before they can enter the body. Unless there is a specific issue necessitating removal, individuals may choose to retain their tonsils. It's essential to acknowledge that all surgeries involve some level of risk.","[[""It is pretty straightforward minor surgery but in general all surgery has risks-  there is no type of surgery that doesn't."", ""It's one of the least risky surgeries, but you may want to keep in mind that your tonsils perform the important function of catching a lot of germs before they get further into your system, so unless you have a specific problem and need them removed, you may want to just hang on to them."", 'There are always risks with every surgery but both my sons had them out at an early age and went home the same day and I had mine out as a child.  Any risk involved with this are very few.', 'Ive been told that its riskier once your past childhood. My mother had hers done when she was eighteen and a day later she nearly bled to death. Her brother who was in med school saved her life. Also I was told when I was younger that its a simple outpatient surgery. Again, all surgeries have risks.', ""I had mine pulled out when I was six and everything went really good. so don't worry""]]"
EXPERIENCE,[': abilitaswealways to start your panties.'],"The collective experiences shared involve multiple individuals and their encounters with tonsillectomy. The speaker mentions that both of their sons had their tonsils removed at an early age and went home the same day without notable risks. Additionally, the speaker recounts their own positive experience of having tonsils removed at the age of six. However, they also bring up a contrasting account of someone who had the surgery at eighteen and faced significant bleeding issues, but their life was saved by a brother in med school. Overall, the shared experiences highlight that while tonsillectomy is generally considered a straightforward outpatient procedure, risks can vary, and individual outcomes may differ.","[[""It is pretty straightforward minor surgery but in general all surgery has risks-  there is no type of surgery that doesn't."", ""It's one of the least risky surgeries, but you may want to keep in mind that your tonsils perform the important function of catching a lot of germs before they get further into your system, so unless you have a specific problem and need them removed, you may want to just hang on to them."", 'There are always risks with every surgery but both my sons had them out at an early age and went home the same day and I had mine out as a child.  Any risk involved with this are very few.', 'Ive been told that its riskier once your past childhood. My mother had hers done when she was eighteen and a day later she nearly bled to death. Her brother who was in med school saved her life. Also I was told when I was younger that its a simple outpatient surgery. Again, all surgeries have risks.', ""I had mine pulled out when I was six and everything went really good. so don't worry""]]"
INFORMATION,"[""No, this ov= aseither way it is obd or no or not a risk to see your OBGYOBGYe OBGYN. See your &GYN as soon as soon as soon as soon as soon as you can you can you can you can you can......... Just had i went at 35 weeks is a baby a 35 weeks and the baby a few months back and the baby was health and a it is health was health and fine ft some times ok a good a times ok to be in a good web site for you be in labor at 34 weeks for you would bein at 34 weeks but you would be americanbaby but you might want to be americanbaby. wan to see your a.com go there as soon as soon as soon as soon as soon as you can you can you can you can you can . . . . just had i went at 35 weeks is a baby a 35 weeks and the baby a few months and the baby was health and is health back it was health and fine ok o was health and fine a good web sites ok a good web site for you would be sure a site for you would be americanbaby you would bent be americanbaby. bgy a.com go thereabout.com as soon as soon as soon as soon as soon as you can you can you can you can you can . . . . . i went at 34 weeks is 34 weeks is a 35 weeks is a is a little early a little early a little early & still considered pre- still considered pre- still considered pre-term & still considered pre-term & therefore a risk to term & therefore a risk to mom & therefore a risk to mom & baby. a to mom & baby. That't mom & baby. That's & baby. That's a bit too early 's a bit too early & the baby'to early & the babys's & the babys's lungs may not manufacturing surfactant lungs may not be manufacturing surfactant at that""]","In general, a no-carb diet is considered unhealthy and, in extreme cases, can be unsafe. Safe and effective weight-loss programs should include healthy eating plans that reduce calories without excluding specific foods or food groups, regular physical activity, tips on healthy behavior changes considering cultural needs, and a slow and steady weight loss approach. Medical care is recommended if planning to lose weight through a special formula diet, such as a very-low-calorie diet, and there should be a plan for weight maintenance after losing weight. No-carb diets, focusing on meat consumption, may contribute to arterial blockages, increasing the risk of cardiovascular disease and stroke. There are better and more sustainable diets than the short-lived fad of low-carb diets.","[['no carb diets are bad for you. this means you are eating meat which clogs up your arterys improving your chances of cardiovascular disease and stroke. There are better diets out there than this gross ""low carb"" diet. Low carb was just another fad that has already fizzled out.', 'In general, a no carb diet is unhealthy and in extreme cases, can be unsafe.\n\nSafe and effective weight-loss programs should include:\n\n* Healthy eating plans that reduce calories but do not rule out specific foods or food groups\n* Regular physical activity and/or exercise instruction\n* Tips on healthy behavior changes that also consider your cultural needs\n* Slow and steady weight loss of about ¾ to 2 pounds per week and not more than 3 pounds per week (weight loss may be faster at the start of a program)\n* Medical care if you are planning to lose weight by following a special formula diet, such as a very-low-calorie diet\n* A plan to keep the weight off after you have lost it']]"
INFORMATION,"[""I't and asORHadiemdvisthyroid problems""]","On average, the time between ovulation and the start of menstruation is about two weeks. However, individual variations exist, and factors like stress, illness, or changes in routine can affect the menstrual cycle length. Some methods to estimate ovulation include tracking basal body temperature, observing changes in cervical mucus, or using ovulation predictor kits. Keep in mind that these methods may not be foolproof, and consulting with a healthcare professional for personalized guidance is recommended, especially for those trying to conceive or avoid pregnancy.","[['On average, about two weeks.\n\nHowever, the best way to tell (and even this is not 100% reliable) is to take your basal body temperature every day.  At ovulation, the basal body temperature will increase by a degree or so (celsius).  It will stay elevated until you menstruate again.\n\nThat\'s the basis of the ""rhythm method"" or ""natural family planning"" or whatever else you want to call it.\n\nCheers!', '14 days.  The outside of your cervix will feel different.']]"
INFORMATION,['It is astight to summarize: It is about it is inquire'],"In the case of an ear infection, the presence of fluid behind the eardrum can persist even after the fever has subsided. The improvement in hearing is expected as the accumulated fluid diminishes. It is crucial to ensure that your daughter completes the entire course of Amoxicillin as prescribed. Failure to finish the antibiotic regimen may allow bacteria in the remaining fluid to multiply, leading to a recurrence of the infection and potentially worsening her condition. Consistent and thorough treatment is essential for a successful recovery from an ear infection.","[['Give it time. With an ear infection you usually have some fluid build up behind the eardrum. Even if the fever is gone, the fluid (and the bacteria in it)can still be there. So the hearing should improve as the fluid goes away and make sure your daughter finishes the full course of the Amoxicillin, or the bacteria in the fluid can start multiplying again and she can end up even sicker than before. I learned this the hard way.', ""If she has had alot of ear infections, i would ask your doc to send her to a specialist. That happened to me over time, and i knew that i couldn't hear well, and it turns out that i had a cyst in my ear canal, and the cyst had damaged my hearing, so they took out 2/3 bones because they weren't fixable.I am doing fine, but it should have been taken care of along time ago. Go and get checked."", 'go see a doctor, by no means at all should you be asking for a diagnosis on Yahoo! answers. also make sure she finishes her meds...thats most important!', ""Like anything else, nothing goes away overnight. Give it time. I've had an ear infection a few years ago and the doctor gave me amoxicillin. I had to take it for about a week to 10 days for it to fully go away.\n\nCall your doctor if you have more questions and/or concerns."", ""I once had a ear infection in both ears and when it cleared up It felt like I had cotton in my ears and couldn't hear very well like i did before.  Being that I worked in the nursing filled I knew somehting was not right. I went back to the Doc and he gave me something to DRY it up. I forget the name of the Medicine but they also prescribe it for sinus problems. u do need to take her back to the Doc. That will not clear up on its on""]]"
SUGGESTION,"[""I have it's: wraits suggested""]","It is suggested to give it time, otherwise call your doctor for concerns or get it checked out.","[['Give it time. With an ear infection you usually have some fluid build up behind the eardrum. Even if the fever is gone, the fluid (and the bacteria in it)can still be there. So the hearing should improve as the fluid goes away and make sure your daughter finishes the full course of the Amoxicillin, or the bacteria in the fluid can start multiplying again and she can end up even sicker than before. I learned this the hard way.', ""If she has had alot of ear infections, i would ask your doc to send her to a specialist. That happened to me over time, and i knew that i couldn't hear well, and it turns out that i had a cyst in my ear canal, and the cyst had damaged my hearing, so they took out 2/3 bones because they weren't fixable.I am doing fine, but it should have been taken care of along time ago. Go and get checked."", 'go see a doctor, by no means at all should you be asking for a diagnosis on Yahoo! answers. also make sure she finishes her meds...thats most important!', ""Like anything else, nothing goes away overnight. Give it time. I've had an ear infection a few years ago and the doctor gave me amoxicillin. I had to take it for about a week to 10 days for it to fully go away.\n\nCall your doctor if you have more questions and/or concerns."", ""I once had a ear infection in both ears and when it cleared up It felt like I had cotton in my ears and couldn't hear very well like i did before.  Being that I worked in the nursing filled I knew somehting was not right. I went back to the Doc and he gave me something to DRY it up. I forget the name of the Medicine but they also prescribe it for sinus problems. u do need to take her back to the Doc. That will not clear up on its on""]]"
EXPERIENCE,['Learn to astamecn the causes. Learn about the causes e of dand how toxeczealdrufflerance affectsema.'],"Hearing impairment following an ear infection can have various causes. In one individual's case, a cyst in the ear canal led to damage to the hearing bones, requiring the removal of two-thirds of them. Another individual experienced temporary hearing loss even after the ear infection had cleared, which was addressed by a medication to dry up the remaining fluid. The recovery process varies, and in some instances, seeking medical attention to address lingering issues is crucial for optimal hearing restoration.","[['Give it time. With an ear infection you usually have some fluid build up behind the eardrum. Even if the fever is gone, the fluid (and the bacteria in it)can still be there. So the hearing should improve as the fluid goes away and make sure your daughter finishes the full course of the Amoxicillin, or the bacteria in the fluid can start multiplying again and she can end up even sicker than before. I learned this the hard way.', ""If she has had alot of ear infections, i would ask your doc to send her to a specialist. That happened to me over time, and i knew that i couldn't hear well, and it turns out that i had a cyst in my ear canal, and the cyst had damaged my hearing, so they took out 2/3 bones because they weren't fixable.I am doing fine, but it should have been taken care of along time ago. Go and get checked."", 'go see a doctor, by no means at all should you be asking for a diagnosis on Yahoo! answers. also make sure she finishes her meds...thats most important!', ""Like anything else, nothing goes away overnight. Give it time. I've had an ear infection a few years ago and the doctor gave me amoxicillin. I had to take it for about a week to 10 days for it to fully go away.\n\nCall your doctor if you have more questions and/or concerns."", ""I once had a ear infection in both ears and when it cleared up It felt like I had cotton in my ears and couldn't hear very well like i did before.  Being that I worked in the nursing filled I knew somehting was not right. I went back to the Doc and he gave me something to DRY it up. I forget the name of the Medicine but they also prescribe it for sinus problems. u do need to take her back to the Doc. That will not clear up on its on""]]"
INFORMATION,['semimmem and ift is not sure ifroxyprogesterone if the end of progesterone i issteronesterone acetate injectable.'],Fresh garlic gives you gas.,"[['Yes, fresh garlic does give you gas.', 'Yes, use beano or acidopholis', 'I does not give me gas', 'yes. nobody ssems to enjoy it but me!!!! I heard about Beano also but have never tried it.', 'yea get beano', 'who would eat fresh garlic?']]"
INFORMATION,['sensta<unk>brr ev<unk>br /> It is <unk>r /><unk>br<unk>br <unk>br /><unk>br <unk>br <unk>br <unk>br <unk>br />Echinaceit is />'],"No, following a Snicker diet won't lead to weight gain, and it can contribute to dental issues and overall poor health.","[['I never heard of it, but I would be willing to try!', 'Yes, if you want to GAIN weight and get bad teeth and poor health....', 'If you keep them in the wrappers...']]"
INFORMATION,['a aswkn Yeast infection'],"Virginity is typically defined by the absence of penetration, and bleeding may or may not occur. In cases of rape, one is not considered a virgin due to non-consensual penetration.","[['in most peoples definition a virgin is someone who has not experienced penitration. in your case you were a small child and had no controll of what happend to you, so it was not a willing decision on your part, so i belive that yes you are still a virgin. as far as bleeding not everyone does, it can depend on how gentle your partner is, his size, and yours as well. i hope when you make your decision to have sex it is a joyful experence for you as it always should be. i know it may be hard for you to do right now, but sometimes it is a bad idea to start sexual relationships when you have had a violent past with them, you dont necessarley need to talk to someone you know, though it is a good idea, but i think you need to talk to someone who want to listen and give you support. it may not bother you now, but it could in 20 years, i am speaking from experence. so if you maybe decide you would like to talk about it i would be glad to help if i can. my e mail is melissamcclain05@yahoo.com. good luck to you', 'techinically, you are no longer a virgin. but u are one in the sense that when you make love for the first time with the man you truly love, you will have the same ecstatic feeling. worry not.', 'No. If you were raped, you are not a virgin.', ""Scientifically, no. I'm sorry. But since the intercourse was not voluntary, there is no harm in considering yourself a virgin. If you have a boyfriend or fiancee or something, you wouldn't be unloyal by saying you're technically not a virgin. I'm sorry about having to suffer such a horrifying experience. If it's bothering you at all, tell someone: a good friend, Mom, counselor, or seek proffesional help. :)"", ""its not necessary that you should bleed the first time you have sex.\nyou are not a virgin.\ni'm sad to know that you had been raped when you were so young."", 'thats sad', 'well in my eyes and the law and god you are still a virgin. It was not willingly and you didnt give your consent.  Some women go there whole life with out bleeding from having sex. But it depends on you and whoever your with.  It could happen from using a tampon so would not call yourself a virgin because you used a tampon. It is so bad that men have to prey on the innocent when there is plenty of real women out there that will give it up. NO PROBLEM.  Please just keep you head up and relize there a reason for everything in life.', ""Of course you are a virgin.  When you lose it it is always on your terms.  When YOU choose to lose it.  Don't let anyone tell you differant baby. If someone wants to get all tecnical; if a guy masterbates does that mean he isn't a virgin? Besides God still conciders you pure reguardless of what happened.  Not everyone bleeds.  I never did.""]]"
SUGGESTION,['Iastons -- weight watchers'],"Considering oneself a virgin in such a situation is acceptable. It encourages seeking support and help from friends, family, or professionals to cope with the emotional aftermath of such an experience.","[['in most peoples definition a virgin is someone who has not experienced penitration. in your case you were a small child and had no controll of what happend to you, so it was not a willing decision on your part, so i belive that yes you are still a virgin. as far as bleeding not everyone does, it can depend on how gentle your partner is, his size, and yours as well. i hope when you make your decision to have sex it is a joyful experence for you as it always should be. i know it may be hard for you to do right now, but sometimes it is a bad idea to start sexual relationships when you have had a violent past with them, you dont necessarley need to talk to someone you know, though it is a good idea, but i think you need to talk to someone who want to listen and give you support. it may not bother you now, but it could in 20 years, i am speaking from experence. so if you maybe decide you would like to talk about it i would be glad to help if i can. my e mail is melissamcclain05@yahoo.com. good luck to you', 'techinically, you are no longer a virgin. but u are one in the sense that when you make love for the first time with the man you truly love, you will have the same ecstatic feeling. worry not.', 'No. If you were raped, you are not a virgin.', ""Scientifically, no. I'm sorry. But since the intercourse was not voluntary, there is no harm in considering yourself a virgin. If you have a boyfriend or fiancee or something, you wouldn't be unloyal by saying you're technically not a virgin. I'm sorry about having to suffer such a horrifying experience. If it's bothering you at all, tell someone: a good friend, Mom, counselor, or seek proffesional help. :)"", ""its not necessary that you should bleed the first time you have sex.\nyou are not a virgin.\ni'm sad to know that you had been raped when you were so young."", 'thats sad', 'well in my eyes and the law and god you are still a virgin. It was not willingly and you didnt give your consent.  Some women go there whole life with out bleeding from having sex. But it depends on you and whoever your with.  It could happen from using a tampon so would not call yourself a virgin because you used a tampon. It is so bad that men have to prey on the innocent when there is plenty of real women out there that will give it up. NO PROBLEM.  Please just keep you head up and relize there a reason for everything in life.', ""Of course you are a virgin.  When you lose it it is always on your terms.  When YOU choose to lose it.  Don't let anyone tell you differant baby. If someone wants to get all tecnical; if a guy masterbates does that mean he isn't a virgin? Besides God still conciders you pure reguardless of what happened.  Not everyone bleeds.  I never did.""]]"
EXPERIENCE,"[""I have'epaxil lorazapaxil'l is azapam.""]","Users acknowledging that the person, due to a traumatic childhood experience, did not willingly make the decision to engage in sexual activity and is therefore considered a virgin. They hope when the person decides to have consensual sex in the future, it will be a positive and joyful experience. They also emphasize the importance of seeking support and counseling to address the trauma from the past, highlighting that unresolved issues may resurface later in life.","[['in most peoples definition a virgin is someone who has not experienced penitration. in your case you were a small child and had no controll of what happend to you, so it was not a willing decision on your part, so i belive that yes you are still a virgin. as far as bleeding not everyone does, it can depend on how gentle your partner is, his size, and yours as well. i hope when you make your decision to have sex it is a joyful experence for you as it always should be. i know it may be hard for you to do right now, but sometimes it is a bad idea to start sexual relationships when you have had a violent past with them, you dont necessarley need to talk to someone you know, though it is a good idea, but i think you need to talk to someone who want to listen and give you support. it may not bother you now, but it could in 20 years, i am speaking from experence. so if you maybe decide you would like to talk about it i would be glad to help if i can. my e mail is melissamcclain05@yahoo.com. good luck to you', 'techinically, you are no longer a virgin. but u are one in the sense that when you make love for the first time with the man you truly love, you will have the same ecstatic feeling. worry not.', 'No. If you were raped, you are not a virgin.', ""Scientifically, no. I'm sorry. But since the intercourse was not voluntary, there is no harm in considering yourself a virgin. If you have a boyfriend or fiancee or something, you wouldn't be unloyal by saying you're technically not a virgin. I'm sorry about having to suffer such a horrifying experience. If it's bothering you at all, tell someone: a good friend, Mom, counselor, or seek proffesional help. :)"", ""its not necessary that you should bleed the first time you have sex.\nyou are not a virgin.\ni'm sad to know that you had been raped when you were so young."", 'thats sad', 'well in my eyes and the law and god you are still a virgin. It was not willingly and you didnt give your consent.  Some women go there whole life with out bleeding from having sex. But it depends on you and whoever your with.  It could happen from using a tampon so would not call yourself a virgin because you used a tampon. It is so bad that men have to prey on the innocent when there is plenty of real women out there that will give it up. NO PROBLEM.  Please just keep you head up and relize there a reason for everything in life.', ""Of course you are a virgin.  When you lose it it is always on your terms.  When YOU choose to lose it.  Don't let anyone tell you differant baby. If someone wants to get all tecnical; if a guy masterbates does that mean he isn't a virgin? Besides God still conciders you pure reguardless of what happened.  Not everyone bleeds.  I never did.""]]"
QUESTION,['s<unk>u----- Sleep on your back.'],It is inquired what the game was.,"[['If it is interfering with the work you should be doing, then use it as a reward for getting your work done.  This might even make you more effective at both the work and the game.\nIf this is not interfering with the work you should be doing, then relax and enjoy.  It is certainly better than a gambling or alcohol habit, right?', 'Get more people to join the yahoo answers and then they will be addicted and you will be free.', 'An addiction is fed by repetitive behavior (and has psychological grounds that may run deep).  Your behavior has become a habit--which studies show occurs when you have 21 days of repetitive behavior.  Anything that makes makes us feel good is hard to stop.  If your really WANT TO stop this addiction (habit), try stopping (ideally replacing the behavior with a different ""acceptable"" behavior) for 21 days & see what happens. \nThis ""addiction"" to a game does seem quite harmless, but if it is interfering with normal duties and functions, you do need to try stopping.  If it is not interfering with life, try setting a TIME LIMIT to your gaming & just enjoy it.  It could be a great stress reliever.  Remember--MODERATION in all things is good!', ""what's the game?""]]"
INFORMATION,"[""s'stastress""]","For information purposes, addiction is fueled by repetitive behavior, often rooted in deep psychological factors. Habits, supported by studies suggesting they form after approximately 21 days of consistent repetition, play a significant role in addiction. Breaking such habits can be challenging, especially when the behavior is associated with feelings of pleasure or reward, making it difficult to discontinue.","[['If it is interfering with the work you should be doing, then use it as a reward for getting your work done.  This might even make you more effective at both the work and the game.\nIf this is not interfering with the work you should be doing, then relax and enjoy.  It is certainly better than a gambling or alcohol habit, right?', 'Get more people to join the yahoo answers and then they will be addicted and you will be free.', 'An addiction is fed by repetitive behavior (and has psychological grounds that may run deep).  Your behavior has become a habit--which studies show occurs when you have 21 days of repetitive behavior.  Anything that makes makes us feel good is hard to stop.  If your really WANT TO stop this addiction (habit), try stopping (ideally replacing the behavior with a different ""acceptable"" behavior) for 21 days & see what happens. \nThis ""addiction"" to a game does seem quite harmless, but if it is interfering with normal duties and functions, you do need to try stopping.  If it is not interfering with life, try setting a TIME LIMIT to your gaming & just enjoy it.  It could be a great stress reliever.  Remember--MODERATION in all things is good!', ""what's the game?""]]"
SUGGESTION,['You may betonssORHa may be overweight'],"It is suggested to consider stopping, preferably by replacing the behavior with a different ""acceptable"" one, for 21 days and observe the impact. Establish a time limit for your gaming and focus on enjoying it. Gaming can serve as a stress reliever, and you can use it as a reward for completing your work. As long as it doesn't interfere with your responsibilities, relax and enjoy the activity.","[['If it is interfering with the work you should be doing, then use it as a reward for getting your work done.  This might even make you more effective at both the work and the game.\nIf this is not interfering with the work you should be doing, then relax and enjoy.  It is certainly better than a gambling or alcohol habit, right?', 'Get more people to join the yahoo answers and then they will be addicted and you will be free.', 'An addiction is fed by repetitive behavior (and has psychological grounds that may run deep).  Your behavior has become a habit--which studies show occurs when you have 21 days of repetitive behavior.  Anything that makes makes us feel good is hard to stop.  If your really WANT TO stop this addiction (habit), try stopping (ideally replacing the behavior with a different ""acceptable"" behavior) for 21 days & see what happens. \nThis ""addiction"" to a game does seem quite harmless, but if it is interfering with normal duties and functions, you do need to try stopping.  If it is not interfering with life, try setting a TIME LIMIT to your gaming & just enjoy it.  It could be a great stress reliever.  Remember--MODERATION in all things is good!', ""what's the game?""]]"
INFORMATION,"[""No, buttrophy after denial of serious illness it'sismo alcohol to treatable to treatable""]","For information purposes, Liposarcoma is the malignancy of fat cells.","[[""I think you're thinking of liposarcoma, which is defined as a malignancy of fat cells. See the link below.""]]"
CAUSE,"['You may benassomniad be ase the B-12 is eni d B-12 shots work imic bj Overview alot better. Hope this helps you might be better. Hope this helps you feel better. signed Bj helps you feel better. Sign Bj Overview a better. Sign Bj Overview & Considerations Fatigued Overview & ConsiderationsFatigue is different from fatigue Fatigue is different from drowsiness is different from drowsiness. In general drowsiness. In general, dsiness is feeling the drowsiness is feeling the need to sleep, while fatigue is feeling the need to sleep, fatigue is a lack of sleep, while a lack of energy and motivation.']",Losing your voice may be due to yelling a lot when you are stressed.,"[['The ""Alexander Technique"" was discovered by an Australian long ago who earned his living performing solo recitations on stage.  He lost his voice because of muscle strain for months at a time, and of course lost his profession.  The method is so simple you should check it out at the source.  I read a book but the source does list self-study and answers lots of questions.  Good luck.\n\nPS:  I knew a man who went to the hospital to be checked fot throat cancer but his condition improved before the test.  The coffee at the hospital always arrived cold compared with the scalding hot coffee he drank at home.  There can be many reasons for throat problems - including several that should be seen by a doctor.', 'Maybe when you are stressed out, you tend to yell quite a bit, and resolves in to losing your voice. You should definatly see your doctor, and talk to him about what happens......']]"
SUGGESTION,['Yes'],It is suggested to consult a doctor.,"[['The ""Alexander Technique"" was discovered by an Australian long ago who earned his living performing solo recitations on stage.  He lost his voice because of muscle strain for months at a time, and of course lost his profession.  The method is so simple you should check it out at the source.  I read a book but the source does list self-study and answers lots of questions.  Good luck.\n\nPS:  I knew a man who went to the hospital to be checked fot throat cancer but his condition improved before the test.  The coffee at the hospital always arrived cold compared with the scalding hot coffee he drank at home.  There can be many reasons for throat problems - including several that should be seen by a doctor.', 'Maybe when you are stressed out, you tend to yell quite a bit, and resolves in to losing your voice. You should definatly see your doctor, and talk to him about what happens......']]"
EXPERIENCE,['Theoled ascj for information should be aware of testi'],"In users expereince, one individual knows a man who went to the hospital to be checked for throat conservative but his condition improved before the test.","[['The ""Alexander Technique"" was discovered by an Australian long ago who earned his living performing solo recitations on stage.  He lost his voice because of muscle strain for months at a time, and of course lost his profession.  The method is so simple you should check it out at the source.  I read a book but the source does list self-study and answers lots of questions.  Good luck.\n\nPS:  I knew a man who went to the hospital to be checked fot throat cancer but his condition improved before the test.  The coffee at the hospital always arrived cold compared with the scalding hot coffee he drank at home.  There can be many reasons for throat problems - including several that should be seen by a doctor.', 'Maybe when you are stressed out, you tend to yell quite a bit, and resolves in to losing your voice. You should definatly see your doctor, and talk to him about what happens......']]"
INFORMATION,['Decideficiedr 3-6 inches.'],"For information purposes, the ""Alexander Technique,"" developed by an Australian who faced voice issues due to muscle strain during solo recitations, is aimed at addressing such problems. The originator, facing voice loss for extended periods, attributed it to factors like scalding hot coffee at home compared to cold hospital coffee. Throat problems, with various potential causes, are acknowledged, and medical attention is advised for certain cases.","[['The ""Alexander Technique"" was discovered by an Australian long ago who earned his living performing solo recitations on stage.  He lost his voice because of muscle strain for months at a time, and of course lost his profession.  The method is so simple you should check it out at the source.  I read a book but the source does list self-study and answers lots of questions.  Good luck.\n\nPS:  I knew a man who went to the hospital to be checked fot throat cancer but his condition improved before the test.  The coffee at the hospital always arrived cold compared with the scalding hot coffee he drank at home.  There can be many reasons for throat problems - including several that should be seen by a doctor.', 'Maybe when you are stressed out, you tend to yell quite a bit, and resolves in to losing your voice. You should definatly see your doctor, and talk to him about what happens......']]"
EXPERIENCE,['I havenstasunt is suggested'],"In users expereince, one individual had seven surgeries since they were 24, now they are 54 and people say they look healthy. Another person got oral surgery twice, and stays it was the worst $5000 spent. Another person had lasik three weeks ago and said it was the best $4000 they've ever spent/","[['Yes.  I have had seven surgeries starting when I was just 24 years old.  I am now 54.  People say I look pretty healthy.....boy do I have them fooled!!!', 'i got oral surgery two times. Worse 5000 ever spend!', 'Just had Lasik 3 weeks ago....best $4000 I ever spent!']]"
INFORMATION,['-astasanthyelement'],"Mitral regurgitation, evaluated through an Echocardiogram, is graded on a scale from 0 to 4+. Patients with 0 to 1+ rarely require surgery for regurgitation alone. Those with 2+ require careful consideration of risks and benefits. Surgery becomes more likely for patients with 3+ to 4+, depending on factors such as symptoms and the risk associated with surgery. With experienced surgeons, the success rate for mitral valve repair is likely over 95% for one year, while mitral valve replacement boasts a success rate exceeding 99%. Mitral valve repair involves a level of artistry, and the 30-day operative mortality rate is approximately 2 to 5% for both repair and replacement procedures.","[['Mitral regurgitation is quantified by Echocardiogram as being:  0, trace, 1+, 2+, 3+, and 4+.  Patients with 0 to 1+ almost never need surgery for regurgitation alone. Patients with 2+ requires alot of thought for risks and benefits.  Patients with 3+ to 4+ will need surgery depending on many factors: symptoms, risk of surgery and others too numerous to mention.  With experienced surgeons, the success rate for repair is probably >95% for 1 year.  In mitral valve replacement, the success rate is probably >99%. Mitral valve repair is more of an ""art"" than replacement. The 30 day operative mortality is the number you\'re looking for, it is about 2 to 5% for all comers for both mitral valve repair and replacement.']]"
CAUSE,['I have to -- this is there is suggested.'],"Insomnia can stem from various factors, and there is no single root cause. Psychological issues like stress and anxiety, chemical stimulants such as caffeine, imbalances in body chemistry like those associated with PMS, late-night physical activity or stimulation, and physiological problems causing pain or sleep apnea can all contribute to insomnia. Stress plays a significant role, and an active mind, whether due to sadness, happiness, worry, or excessive thinking, can further exacerbate the condition.","[[""There isn't going to be one root cause of insomnia.  It can be caused by psychological issues such as stress or anxiety as noted above.  Chemical stimulants such as caffeine and pseudoephedrine (sudafed) can cause it. It may result from imbalances in body chemistry (many women experience insomnia as part of PMS). Physical activity or stimulation late in the evening can make it hard to sleep.  Physiological problems that cause pain will interfere with sleep, as well as sleep apnea.\n\nI'm not even sure this is a definitive list."", 'STRESS .... STRESS and more stress ... an active mind is actually a good thing to waste ....', 'Phychological issues: too sad, too happy, too worry, too much to think about, just to name a few here.', 'Not being sleepy is the main cause of insomnia.  Oh yes, a guilty concience helps too.']]"
INFORMATION,['a'],"By consistently consuming few fruits and vegetables, you may be maintaining an acidic pH level in your body, potentially increasing susceptibility to various diseases. While individual factors vary, a lack of these foods may contribute to reduced life expectancy, but the extent of reduction depends on other lifestyle factors too","[[""I agree, your body's PH is probably very acidic...you can know for sure by purchasing some test strips from a local pharmacy. You could be prone to diseases because of acidity or lack of vitamins - possibly something like scurvy.  \n\nJust a few suggestions (hoping you don't mind):\n\n- take some vitamin & mineral supplements daily if you really hate fruits & vegtables. You especially need to take in more vitamin C since you aren't getting it from fruit & vegetables.\n\nTry to at least get some of these in....\n\n- Try smoothies with frozen fruit & juice. You can also add  milk or yogurt to make it creamy. Add some honey if you have to. Mix with a hand blender. You can also buy instant ones now.\n\n- There are some pretty yummy frozen vegetables with sauce out there that are fast.   \n\n- Keep fruit around as a snack or buy canned fruit salad. You can also try dried fruit.\n\n- Keep pre-packaged mini carrots and celery with dipping sauce handy. \n\n- If you really hate the taste of vegetables...then add many herbs or strong tasting sauce to disguise the taste.\n\nSorry to sound like a mom! Please see a doctor or nutritionist. Take care of yourself."", ""In my opinion, eating no fruits or vegetables (highly alkalinic foods) *on a PH scale*, youre most likely keeping your body's PH acidic, thus making it easyly suceptible to various diseases... Some people live short periods of time no matter how many veggies or fruits they eat.. So in a way of putting it, it could be all up to destiny :), Take Care ;)""]]"
CAUSE,['You may benB12 toleas.'],"By consuming very few fruits and vegetables and maintaining an acidic pH balance in your body, you may increase susceptibility to various diseases over time like scurvy.","[[""I agree, your body's PH is probably very acidic...you can know for sure by purchasing some test strips from a local pharmacy. You could be prone to diseases because of acidity or lack of vitamins - possibly something like scurvy.  \n\nJust a few suggestions (hoping you don't mind):\n\n- take some vitamin & mineral supplements daily if you really hate fruits & vegtables. You especially need to take in more vitamin C since you aren't getting it from fruit & vegetables.\n\nTry to at least get some of these in....\n\n- Try smoothies with frozen fruit & juice. You can also add  milk or yogurt to make it creamy. Add some honey if you have to. Mix with a hand blender. You can also buy instant ones now.\n\n- There are some pretty yummy frozen vegetables with sauce out there that are fast.   \n\n- Keep fruit around as a snack or buy canned fruit salad. You can also try dried fruit.\n\n- Keep pre-packaged mini carrots and celery with dipping sauce handy. \n\n- If you really hate the taste of vegetables...then add many herbs or strong tasting sauce to disguise the taste.\n\nSorry to sound like a mom! Please see a doctor or nutritionist. Take care of yourself."", ""In my opinion, eating no fruits or vegetables (highly alkalinic foods) *on a PH scale*, youre most likely keeping your body's PH acidic, thus making it easyly suceptible to various diseases... Some people live short periods of time no matter how many veggies or fruits they eat.. So in a way of putting it, it could be all up to destiny :), Take Care ;)""]]"
SUGGESTION,"['summary summarchimmes Generally, orally.commonea person can only genital HSV-2 can only get HSV type 2 infection during sexually HSV-2 infection during sexual contact with someone who hashsexacting someone who has aveceed someone who has a genital HSV']","Avoiding fruits and vegetables can lead to a more acidic pH level in the body. To compensate, consider vitamin and mineral supplements, with an emphasis on vitamin C. Incorporate fruits and vegetables into your diet through smoothies, frozen options, and canned or dried fruit. If you dislike the taste, use herbs or strong sauces. Seeing a doctor or nutritionist is advisable for personalized guidance. Neglecting these essential nutrients may impact your overall health and potentially reduce life expectancy, but the specific extent would depend on various factors and requires professional assessment.","[[""I agree, your body's PH is probably very acidic...you can know for sure by purchasing some test strips from a local pharmacy. You could be prone to diseases because of acidity or lack of vitamins - possibly something like scurvy.  \n\nJust a few suggestions (hoping you don't mind):\n\n- take some vitamin & mineral supplements daily if you really hate fruits & vegtables. You especially need to take in more vitamin C since you aren't getting it from fruit & vegetables.\n\nTry to at least get some of these in....\n\n- Try smoothies with frozen fruit & juice. You can also add  milk or yogurt to make it creamy. Add some honey if you have to. Mix with a hand blender. You can also buy instant ones now.\n\n- There are some pretty yummy frozen vegetables with sauce out there that are fast.   \n\n- Keep fruit around as a snack or buy canned fruit salad. You can also try dried fruit.\n\n- Keep pre-packaged mini carrots and celery with dipping sauce handy. \n\n- If you really hate the taste of vegetables...then add many herbs or strong tasting sauce to disguise the taste.\n\nSorry to sound like a mom! Please see a doctor or nutritionist. Take care of yourself."", ""In my opinion, eating no fruits or vegetables (highly alkalinic foods) *on a PH scale*, youre most likely keeping your body's PH acidic, thus making it easyly suceptible to various diseases... Some people live short periods of time no matter how many veggies or fruits they eat.. So in a way of putting it, it could be all up to destiny :), Take Care ;)""]]"
INFORMATION,['Yes'],"For information purposes, the statement highlights that while certain things, like French fries, may be legal despite potential health concerns, the government is limited in making unhealthy choices illegal or coercing a healthy lifestyle due to civil rights. Instead, governments often use taxation as a method to discourage unhealthy behaviors, exemplified by high taxes on tobacco and alcohol in many countries. The message underscores that individuals have the autonomy to decide their lifestyle choices, despite government influence through taxes and laws. The reference to powerful lobbies, such as the tobacco industry in developing countries, emphasizes the complexities of these issues. Ultimately, the statement concludes that the government is not the sole solution, and individuals retain the right to engage in behaviors, even if they may not be optimal for their health.","[['There are many things that are legal even though we think they may cause cancer. Like french fries. The law however does mandate, that there is a warning on cigarettes about their health risk. (Sort of the same thing as those warning on garages in California (""this building contains chemicas known to the state of california to cause cancer or birth defects."")). Anyways, the government can\'t make everything that is unhealthy illegal, nor can they coerce you into a healthy lifestyle. That would be against your civil rights. However, what they can do is tax these unhealthy things (like high taxes on tobacco and alcohol in most countries, high taxes on gas in Europe, etc.).', 'lots of things are legal, even though they are harmful ,alchohol,cigarrets,even watching television. its not up to the government to decide what’s healthy for an each person. though they make life tough by taxes and laws(most Muslim countries ban alcohol as its against their religion, Singapore has high taxes on cigarretes)its up to you to decide . Besides the cigarette industry pays tax that fills the government coffers. Teens who smoke have increased in developing countries like India and China,besides in India there is a powefull tobacco cultivators  lobby.Its just like the pro gun lobby in the USA.', 'The government is NOT the answer to everything.  Every person has a right, thankfully, in this country to engage in behavior that may not be really good for them.  \n\nExpand your mind and don\'t engage in ""knee-jerk"" reactions such as ""there aught to be a law...""']]"
SUGGESTION,['Excuseaheres --------- you should you should you should you should you should ice or should ice- ice it on and ice it on and off for 20 minutes after you on and off for 20 minutes for a- off for 20 minutes for a hour.'],"It was suggested, to expand your mind and don't engage in ""knee-jerk"" reactions such as ""there aught to be a law""","[['There are many things that are legal even though we think they may cause cancer. Like french fries. The law however does mandate, that there is a warning on cigarettes about their health risk. (Sort of the same thing as those warning on garages in California (""this building contains chemicas known to the state of california to cause cancer or birth defects."")). Anyways, the government can\'t make everything that is unhealthy illegal, nor can they coerce you into a healthy lifestyle. That would be against your civil rights. However, what they can do is tax these unhealthy things (like high taxes on tobacco and alcohol in most countries, high taxes on gas in Europe, etc.).', 'lots of things are legal, even though they are harmful ,alchohol,cigarrets,even watching television. its not up to the government to decide what’s healthy for an each person. though they make life tough by taxes and laws(most Muslim countries ban alcohol as its against their religion, Singapore has high taxes on cigarretes)its up to you to decide . Besides the cigarette industry pays tax that fills the government coffers. Teens who smoke have increased in developing countries like India and China,besides in India there is a powefull tobacco cultivators  lobby.Its just like the pro gun lobby in the USA.', 'The government is NOT the answer to everything.  Every person has a right, thankfully, in this country to engage in behavior that may not be really good for them.  \n\nExpand your mind and don\'t engage in ""knee-jerk"" reactions such as ""there aught to be a law...""']]"
INFORMATION,['a'],"For information purposes, the presence of bacteria on hands or unsterile equipment can contribute to blemishes and potential scarring. Natural remedies like saw palmetto and chaste tree berry are suggested to help balance hormones in boys and girls, respectively. Other beneficial elements include echinacea, alfalfa, burdock root, cayenne, chaparral, and yellow dock root. Additionally, using oatmeal to absorb excess oil and honey for skin soothing is recommended.","[[""I would contact a dermatologist for the 'best' way.\n\nOther steps\n\n1. Wash your face at least twice a day with a mild cleanser. Use a pH-balanced cleanser without perfumes or too many chemical additives.\n \n2. Touch your face as little as possible, and only when your hands are clean.\n \n3. Avoid squeezing pimples. Bacteria on your hands or on unsterile equipment can lead to more blemishes and possible scarring.\n \n4. Steam your face once or twice a week to help open the pores. Boil water, remove the pot from the stove, drape a towel over your head and hold your face over the pot. Then rinse your face with cold water. \n \n5. Use essential oils such as calendula, chamomile, juniper, lavendar and mint directly on your skin. Mix 10 drops of any of the oils with 2 tbsp. soy or almond oil, and smooth a few drops on dampened skin.\n \n6. Try using herbs. Saw palmetto can help balance boys' hormones, while chaste tree berry can do the same for girls. Echinacea, alfalfa, burdock root, cayenne, chaparral and yellow dock root are also helpful.\n \n7. Consider other topical mixtures. Beat an egg yolk, apply it with a cotton ball and leave it on for 15 minutes. Alternatively, mix oatmeal and honey together to form a paste and apply it to your face. Oatmeal soaks up excess oil and honey soothes the skin.\n \n8. Take acidophilus to fight bacteria.\n \n9. Eat a diet high in fiber, including whole grains and fresh vegetables and fruits, to keep your body healthy overall and provide nutrients to your skin. Stay away from junk food, caffeine and salty foods.\n \n10. Determine whether specific foods aggravate your skin and eliminate them from your diet.\n \n11. Consider adding zinc supplements to your diet.\n \n12. Limit your exposure to the sun and reduce the stress in your life."", 'get a good soap and do what the other guy said', 'Drink lots and lots of water regularly, everyday.\n\nMedical solutions are none as good as this one.', 'EAT HEALTHY AND WASH YOUR FACE!!! ...GOOD LUCK!', 'Try visiting www.mercola.com and do a search on the website.']]"
SUGGESTION,['See your ases and have abnormallying GP. Missing aly long menses'],"For effective acne management, consulting a dermatologist is advisable, and additional steps can be taken for skincare. Washing your face twice daily with a mild cleanser, avoiding touching and squeezing pimples, and steaming your face to open pores are essential practices. Applying essential oils like calendula and chamomile, trying herbal remedies, and using alternative topical mixtures such as egg yolk or oatmeal-honey paste are recommended. Acidophilus supplements, a high-fiber diet, and zinc supplements contribute to skin health. Identifying and eliminating skin-aggravating foods, limiting sun exposure, managing stress, and staying hydrated are crucial elements for clearer skin.","[[""I would contact a dermatologist for the 'best' way.\n\nOther steps\n\n1. Wash your face at least twice a day with a mild cleanser. Use a pH-balanced cleanser without perfumes or too many chemical additives.\n \n2. Touch your face as little as possible, and only when your hands are clean.\n \n3. Avoid squeezing pimples. Bacteria on your hands or on unsterile equipment can lead to more blemishes and possible scarring.\n \n4. Steam your face once or twice a week to help open the pores. Boil water, remove the pot from the stove, drape a towel over your head and hold your face over the pot. Then rinse your face with cold water. \n \n5. Use essential oils such as calendula, chamomile, juniper, lavendar and mint directly on your skin. Mix 10 drops of any of the oils with 2 tbsp. soy or almond oil, and smooth a few drops on dampened skin.\n \n6. Try using herbs. Saw palmetto can help balance boys' hormones, while chaste tree berry can do the same for girls. Echinacea, alfalfa, burdock root, cayenne, chaparral and yellow dock root are also helpful.\n \n7. Consider other topical mixtures. Beat an egg yolk, apply it with a cotton ball and leave it on for 15 minutes. Alternatively, mix oatmeal and honey together to form a paste and apply it to your face. Oatmeal soaks up excess oil and honey soothes the skin.\n \n8. Take acidophilus to fight bacteria.\n \n9. Eat a diet high in fiber, including whole grains and fresh vegetables and fruits, to keep your body healthy overall and provide nutrients to your skin. Stay away from junk food, caffeine and salty foods.\n \n10. Determine whether specific foods aggravate your skin and eliminate them from your diet.\n \n11. Consider adding zinc supplements to your diet.\n \n12. Limit your exposure to the sun and reduce the stress in your life."", 'get a good soap and do what the other guy said', 'Drink lots and lots of water regularly, everyday.\n\nMedical solutions are none as good as this one.', 'EAT HEALTHY AND WASH YOUR FACE!!! ...GOOD LUCK!', 'Try visiting www.mercola.com and do a search on the website.']]"
QUESTION,['a'],It is inquired if they were a boy or a girl.,"[['herpes/ cold sores in mouth or on the outside of his/her mouth. Does she know you should probably let them know before an outbreak!', 'Probably the same symptoms as you. Are you a boy or girl?', 'bumps']]"
SUGGESTION,['You may beedorangin sore not feel sick.'],It s advised to tell someone before they cause an outbreak of herpes.,"[['herpes/ cold sores in mouth or on the outside of his/her mouth. Does she know you should probably let them know before an outbreak!', 'Probably the same symptoms as you. Are you a boy or girl?', 'bumps']]"
INFORMATION,['yaston to oxidants left overdose of summary with ants left over from not only slightly yellow urine'],"For information purposes, the statement refers to the symptoms of herpes, particularly cold sores either in the mouth or on the outside of the mouth. Additionally, it suggests that the symptoms experienced by one person are likely similar to those of another person, involving the appearance of bumps.","[['herpes/ cold sores in mouth or on the outside of his/her mouth. Does she know you should probably let them know before an outbreak!', 'Probably the same symptoms as you. Are you a boy or girl?', 'bumps']]"
QUESTION,['sayoridoisoscroti'],It is inquired if they have ever been diagnosed with Diabetes.,"[['The test is called an A1C and gives an average of what your blood sugar has been for the past 3 months. 173 is a little high. Ideally it should be 120-130. With Type 2 diabetes 150 is okay. Just watch your diet a little closer and you should do okay. The actual A1C reading should be less than 7 for a diabetic.', 'Hba1c or a hemoglobin test.', ""a1c I believe is the name of the test. Yours is a little too high, but not that bad-have seen much worse. Like my nephew for instance, has Type1-Juvenile Diabetes, his runs in the 300's most of the time. Have you been diagnosed with Diabetes? If so, that isn't real bad, but you need to watch your diet, and follow your Dr.s advice."", ""If 173 is your 3 month average ... that's too high. Should be in the low 100's"", 'It sounds like an a1c. Good number is 7.(a one c). You want to be as close too 100 not 173. Closer to 100 will keep you healthier longer.', ""That's way high .you need to go a physician fast . it should be in the low 100's""]]"
INFORMATION,"[""Don's this is the EXLo't'.""]","For information purposes, the test in question is an A1C, also known as an HbA1c or hemoglobin test, providing an average blood sugar level over the past three months. An ideal A1C reading is less than 7 for individuals with diabetes. The mentioned value of 173 is considered a little high; the target range is ideally 120-130, and for Type 2 diabetes, up to 150 is acceptable. The advice given is to monitor the diet more closely to improve the A1C level. The suggestion emphasizes the importance of aiming for a reading closer to 100 for better long-term health outcomes.","[['The test is called an A1C and gives an average of what your blood sugar has been for the past 3 months. 173 is a little high. Ideally it should be 120-130. With Type 2 diabetes 150 is okay. Just watch your diet a little closer and you should do okay. The actual A1C reading should be less than 7 for a diabetic.', 'Hba1c or a hemoglobin test.', ""a1c I believe is the name of the test. Yours is a little too high, but not that bad-have seen much worse. Like my nephew for instance, has Type1-Juvenile Diabetes, his runs in the 300's most of the time. Have you been diagnosed with Diabetes? If so, that isn't real bad, but you need to watch your diet, and follow your Dr.s advice."", ""If 173 is your 3 month average ... that's too high. Should be in the low 100's"", 'It sounds like an a1c. Good number is 7.(a one c). You want to be as close too 100 not 173. Closer to 100 will keep you healthier longer.', ""That's way high .you need to go a physician fast . it should be in the low 100's""]]"
SUGGESTION,['a  ice pack it is suggested'],"A value of 173 in the context of a health test, likely the A1C for blood sugar levels, is considered high. While it may not be extremely concerning, the advice given is to closely monitor and regulate one's diet and to follow the guidance of a healthcare professional. It is recommended  emphasizes to seek  medical attention, as the ideal target for this measurement should be in the low 100s. Taking swift action and adhering to a physician's advice are strongly advised to address and manage the elevated blood sugar levels effectively.","[['The test is called an A1C and gives an average of what your blood sugar has been for the past 3 months. 173 is a little high. Ideally it should be 120-130. With Type 2 diabetes 150 is okay. Just watch your diet a little closer and you should do okay. The actual A1C reading should be less than 7 for a diabetic.', 'Hba1c or a hemoglobin test.', ""a1c I believe is the name of the test. Yours is a little too high, but not that bad-have seen much worse. Like my nephew for instance, has Type1-Juvenile Diabetes, his runs in the 300's most of the time. Have you been diagnosed with Diabetes? If so, that isn't real bad, but you need to watch your diet, and follow your Dr.s advice."", ""If 173 is your 3 month average ... that's too high. Should be in the low 100's"", 'It sounds like an a1c. Good number is 7.(a one c). You want to be as close too 100 not 173. Closer to 100 will keep you healthier longer.', ""That's way high .you need to go a physician fast . it should be in the low 100's""]]"
EXPERIENCE,['Yes'],"In users expereince, one individuals nephew had type 1-juvenile diabetes and his blood sugar runs 300+ most of the time.","[['The test is called an A1C and gives an average of what your blood sugar has been for the past 3 months. 173 is a little high. Ideally it should be 120-130. With Type 2 diabetes 150 is okay. Just watch your diet a little closer and you should do okay. The actual A1C reading should be less than 7 for a diabetic.', 'Hba1c or a hemoglobin test.', ""a1c I believe is the name of the test. Yours is a little too high, but not that bad-have seen much worse. Like my nephew for instance, has Type1-Juvenile Diabetes, his runs in the 300's most of the time. Have you been diagnosed with Diabetes? If so, that isn't real bad, but you need to watch your diet, and follow your Dr.s advice."", ""If 173 is your 3 month average ... that's too high. Should be in the low 100's"", 'It sounds like an a1c. Good number is 7.(a one c). You want to be as close too 100 not 173. Closer to 100 will keep you healthier longer.', ""That's way high .you need to go a physician fast . it should be in the low 100's""]]"
INFORMATION,['Io----------it goes away infection with a aly in about 14 days of the rash on 14 days----------no-nododo big deal'],Heat treatments  are effective against Fatigued and aching muscles.,"[['What is the cause of the aches? Usually tired and overworked muscles respond best to heat. If the aches are not due to pulls or tears, warm up your body with a hot shower. Before bed take an asprin, jump in a warm shower and do light stretches while your muscles are warm. Dress warmly for bed.', 'relex in tub sea salt message your sore muscles or bubble bath too', 'I would suggest rest.  Your muscles are tired most likely due to fatigue and while heat and sea salt will help it is rest that your body will thank you for the most later on.']]"
QUESTION,"[""Yes, but not all of course to summarizedoporious bipolar. If their symptoms are good mothers can be if their symptoms are under control their symptoms under control is not under control, there is not control, there, there is no reason that they can's no reason that they can't be no can't be a healthy parent't be a healthy parent.""]",A question was asked inquiring the cause of the muscle ache as the remedies are dependent on the cause of the pain.,"[['What is the cause of the aches? Usually tired and overworked muscles respond best to heat. If the aches are not due to pulls or tears, warm up your body with a hot shower. Before bed take an asprin, jump in a warm shower and do light stretches while your muscles are warm. Dress warmly for bed.', 'relex in tub sea salt message your sore muscles or bubble bath too', 'I would suggest rest.  Your muscles are tired most likely due to fatigue and while heat and sea salt will help it is rest that your body will thank you for the most later on.']]"
SUGGESTION,['wknassuntincrease with nonstick cooking spray butter is a paper towel and smart balance butter a fat to wipe the butter Pam spray.'],"If the muscle pain is not due to pulls or tears, applying mild heat to the affected location through hot water baths, sea salt baths and hot showers will help. Also, light stretches, warm clothing and plenty of rest will help the muscles recover.","[['What is the cause of the aches? Usually tired and overworked muscles respond best to heat. If the aches are not due to pulls or tears, warm up your body with a hot shower. Before bed take an asprin, jump in a warm shower and do light stretches while your muscles are warm. Dress warmly for bed.', 'relex in tub sea salt message your sore muscles or bubble bath too', 'I would suggest rest.  Your muscles are tired most likely due to fatigue and while heat and sea salt will help it is rest that your body will thank you for the most later on.']]"
CAUSE,['a LOLosordilliterel'],"Itchy scalp could arise from consuming a lot of fatty foods, lack of sleep or a bad reaction from shampoo or using hair dye.","[[""i think i got that too. so i wanted to help. and you shouldn't scratch it.\n\ngo here for more info: http://answers.google.com/answers/threadview?id=603016"", ""1. do u eat to much fatty foods? this maybe the reason, another reason is that you may be lacking sleep. whichever is the cause don't exacerbate the pain by scrathes"", 'If you have oily hair then you need to make sure you get the right kind of shampoo that says for oily hair. If not then the regular shampoo will clean your hair but isnt strong enough to clean your scalp pores causing them to get dirt and grim in it and swell to cause pimples. \n\nIf its not the shampoo them you need to go to the doctor to make sure its nothing serious. But its mostly healed by the right shampoo.\n\nNow also if you dye your hair and you tend to leave it on too long it can damage your scalp and cause swores and pimples on your scalp as well.']]"
QUESTION,"[""I have you'sithin that'm pretty muchadd s your @$$$$$$$$$$ that you smell that you smell that you smell.""]",Answer to the inquiry regarding consumption of fatty foods might help identify the cause of pimples on the scalp.,"[[""i think i got that too. so i wanted to help. and you shouldn't scratch it.\n\ngo here for more info: http://answers.google.com/answers/threadview?id=603016"", ""1. do u eat to much fatty foods? this maybe the reason, another reason is that you may be lacking sleep. whichever is the cause don't exacerbate the pain by scrathes"", 'If you have oily hair then you need to make sure you get the right kind of shampoo that says for oily hair. If not then the regular shampoo will clean your hair but isnt strong enough to clean your scalp pores causing them to get dirt and grim in it and swell to cause pimples. \n\nIf its not the shampoo them you need to go to the doctor to make sure its nothing serious. But its mostly healed by the right shampoo.\n\nNow also if you dye your hair and you tend to leave it on too long it can damage your scalp and cause swores and pimples on your scalp as well.']]"
SUGGESTION,"[""a asaswea bad cold or sssaker's.""]",One shouldn't exacerbate the situation by scratching on the pimples. Looking for the right shampoo based on the skin type might help. Also if the symptoms don't subside medical attention from a dermatologist or a doctor must be sought.,"[[""i think i got that too. so i wanted to help. and you shouldn't scratch it.\n\ngo here for more info: http://answers.google.com/answers/threadview?id=603016"", ""1. do u eat to much fatty foods? this maybe the reason, another reason is that you may be lacking sleep. whichever is the cause don't exacerbate the pain by scrathes"", 'If you have oily hair then you need to make sure you get the right kind of shampoo that says for oily hair. If not then the regular shampoo will clean your hair but isnt strong enough to clean your scalp pores causing them to get dirt and grim in it and swell to cause pimples. \n\nIf its not the shampoo them you need to go to the doctor to make sure its nothing serious. But its mostly healed by the right shampoo.\n\nNow also if you dye your hair and you tend to leave it on too long it can damage your scalp and cause swores and pimples on your scalp as well.']]"
EXPERIENCE,['a'],A person suffering with pimples on their scalp suggested to not scratch them.,"[[""i think i got that too. so i wanted to help. and you shouldn't scratch it.\n\ngo here for more info: http://answers.google.com/answers/threadview?id=603016"", ""1. do u eat to much fatty foods? this maybe the reason, another reason is that you may be lacking sleep. whichever is the cause don't exacerbate the pain by scrathes"", 'If you have oily hair then you need to make sure you get the right kind of shampoo that says for oily hair. If not then the regular shampoo will clean your hair but isnt strong enough to clean your scalp pores causing them to get dirt and grim in it and swell to cause pimples. \n\nIf its not the shampoo them you need to go to the doctor to make sure its nothing serious. But its mostly healed by the right shampoo.\n\nNow also if you dye your hair and you tend to leave it on too long it can damage your scalp and cause swores and pimples on your scalp as well.']]"
QUESTION,['a 4-5 days'],It is inquired if this was due to a Contrast Injection given for an X-ray procedure such as a CT scan.,"[['Was this due to a Contrast Injection givin for an X-ray Procedure such as a CT scan? If so make sure you find out what it was you were given and never let them give it to you again. Make sure it is on your record and your doctor knows about it.\nBenedryl will probably help the reaction. Make sure to call your doctor. There are many different types of Contrast agents you may not be allergic to all of them. People can have severe reations to some and it can be life threating. Follow it up!!!!', ""If you are having an allergic reaction to the dye, then they shouldn't have given it to you in the first place. The doctor should prescribe something for you that will counteract it.""]]"
INFORMATION,"[""cleastor to summrnsis, you expose others to summarize to reduce the person with others to the virus doesn's to the virus when you don't increase' virus when you don't use ' and you don't use a condom not use t a condom""]","For information purposes, there are many types of contrast agents and one may not be allergic to all. People can have severe reactions to some and it can be life threatening.","[['Was this due to a Contrast Injection givin for an X-ray Procedure such as a CT scan? If so make sure you find out what it was you were given and never let them give it to you again. Make sure it is on your record and your doctor knows about it.\nBenedryl will probably help the reaction. Make sure to call your doctor. There are many different types of Contrast agents you may not be allergic to all of them. People can have severe reations to some and it can be life threating. Follow it up!!!!', ""If you are having an allergic reaction to the dye, then they shouldn't have given it to you in the first place. The doctor should prescribe something for you that will counteract it.""]]"
SUGGESTION,['I have you with another test results of water has nothing to wait at least 7 to do not been said'],"The advice is to identify the substance causing an allergic reaction, ensure it's documented in medical records, and inform the doctor to avoid future exposure. Benedryl is suggested for managing the reaction, and consulting with a doctor is recommended, especially if there's an allergic reaction to a dye, which might prompt the need for an alternative solution.","[['Was this due to a Contrast Injection givin for an X-ray Procedure such as a CT scan? If so make sure you find out what it was you were given and never let them give it to you again. Make sure it is on your record and your doctor knows about it.\nBenedryl will probably help the reaction. Make sure to call your doctor. There are many different types of Contrast agents you may not be allergic to all of them. People can have severe reations to some and it can be life threating. Follow it up!!!!', ""If you are having an allergic reaction to the dye, then they shouldn't have given it to you in the first place. The doctor should prescribe something for you that will counteract it.""]]"
INFORMATION,"['Yes, limesoleses']","For information purposes, the yasmin 28 birth control pill is currently too new to have a generic form, and it typically takes around six years for a new medication to become available in generic form. This timeframe is associated with the expiration of the patent on the product.","[['No not yet, it is too new it takes 6 years for a new medication to have a generic form, is has to do with the patent on the product']]"
INFORMATION,['a astrauma bump'],"For information purposes, there are about 5,759 to 7,569 hospitals in the USA.","[['5,759 to 7,569', 'Alot! LOL!! I agree with the first answer.']]"
SUGGESTION,"['No, but not all of you will have to high blood pressure']",It is suggested to get to the core of a problem and deal with it with qualified therapeutic help with no medicine or just by yourself.,"[[""Yes, hypnosis can help.  It really depends on the issue being addressed.  Hypnosis is not a magic wand.  Sexual dysfunction is an interesting one because many times the cause is something physical. I have told people to see their doctor first and it turns out that they are diabetic or some other health related issue.  Dysfunction is one of the leading indicators that there are other things going on that need to be checked out.  If every thing is ok and you want a little boost, hypnosis can be great.  Doing it with your partner can be wonderful. Much of hypnosis is about belief and trust.  Making the avenues of communication and trust stronger between partners will always help. \n\nIn the case of inhibition, hypnosis is not mind control.  It can't be use to make you do something that you don't want to do.  It can be used to make you more comfortable with an idea that you chose to explore.  It can be use to help you explore why you are uncomfortable with a subject and if these inhibitions are something you want to modify.  Hypnosis is a tool to get to the solutions that you want arrive at.  Again, it is not a magic wand that will take you there.  You have to do some work."", 'Yes I suppose it might heres an article on it\nhttp://science.howstuffworks.com/hypnosis.htm', ""Possibly. But wouldn't a person prefer to know why he has this issue? Wouldn't he prefer to be in control of changing his own life? \n\nIt's also possible that the problem originates due to a control issue. Think about it. If a person has an issue due to who is in control, why would he (or how would he be able to) sit in a chair and allow someone else to reprogram his mind?  \n\nNot everyone can be hypnotized, anyway. Certain people are simply resistant to others tampering with their brains.\n\nI'm not any kind of therapist, but I certainly don't suggest hypnotherapy. People should work out their problems while they are in control of themselves, and take responsibility for their own actions. And suppose the hypnotherapy doesn't work? Is it the hypnotist's fault? No, but some people would use that excuse.\n\nAnd besides, even if the hypnotherapy did work, you're still only putting a band-aid on the issue, because you're only concentrating on the sexual dysfunction. The underlying problem for the sexual dysfunction could be wreaking havoc in other areas of your life, without you being aware. It's best to get to the core problem and deal with it yourself or with qualified therapeutic help (no medicines!)."", 'yes']]"
INFORMATION,"['ss<unk>1: Denial, at least 15% below normal body image Issuesoe below their appropriate weight/memorced body weight.']","Hypnosis is considered a potential aid for sexual dysfunction, but its effectiveness depends on the underlying cause, and medical issues should be ruled out first. The advice emphasizes that hypnosis is not a cure-all and underscores the importance of addressing any physical health concerns. The role of belief, trust, and communication in hypnosis is highlighted, particularly in the context of improving comfort and exploring inhibitions. The limitations of hypnosis, such as the inability to control someone's mind, are acknowledged, and a cautious approach is recommended, encouraging individuals to work on problems while in control of themselves. The idea of hypnotherapy as a band-aid solution without addressing underlying issues is also discussed.","[[""Yes, hypnosis can help.  It really depends on the issue being addressed.  Hypnosis is not a magic wand.  Sexual dysfunction is an interesting one because many times the cause is something physical. I have told people to see their doctor first and it turns out that they are diabetic or some other health related issue.  Dysfunction is one of the leading indicators that there are other things going on that need to be checked out.  If every thing is ok and you want a little boost, hypnosis can be great.  Doing it with your partner can be wonderful. Much of hypnosis is about belief and trust.  Making the avenues of communication and trust stronger between partners will always help. \n\nIn the case of inhibition, hypnosis is not mind control.  It can't be use to make you do something that you don't want to do.  It can be used to make you more comfortable with an idea that you chose to explore.  It can be use to help you explore why you are uncomfortable with a subject and if these inhibitions are something you want to modify.  Hypnosis is a tool to get to the solutions that you want arrive at.  Again, it is not a magic wand that will take you there.  You have to do some work."", 'Yes I suppose it might heres an article on it\nhttp://science.howstuffworks.com/hypnosis.htm', ""Possibly. But wouldn't a person prefer to know why he has this issue? Wouldn't he prefer to be in control of changing his own life? \n\nIt's also possible that the problem originates due to a control issue. Think about it. If a person has an issue due to who is in control, why would he (or how would he be able to) sit in a chair and allow someone else to reprogram his mind?  \n\nNot everyone can be hypnotized, anyway. Certain people are simply resistant to others tampering with their brains.\n\nI'm not any kind of therapist, but I certainly don't suggest hypnotherapy. People should work out their problems while they are in control of themselves, and take responsibility for their own actions. And suppose the hypnotherapy doesn't work? Is it the hypnotist's fault? No, but some people would use that excuse.\n\nAnd besides, even if the hypnotherapy did work, you're still only putting a band-aid on the issue, because you're only concentrating on the sexual dysfunction. The underlying problem for the sexual dysfunction could be wreaking havoc in other areas of your life, without you being aware. It's best to get to the core problem and deal with it yourself or with qualified therapeutic help (no medicines!)."", 'yes']]"
CAUSE,['a'],This may be due to a virus.,"[[""Sounds like you've got some kind of virus ... try Echinacea ( but if you are taking any kind of prescription medication, check with your doctor first ).  Another way is to call to a health food store ... nowadays, most of them have a Healthcare Professional in there who can answer your question, ask you relevant questions and determine the best course of treatment."", 'Gargle with salt water.', 'Snort, or spit or belch or vomit, ur choice!']]"
SUGGESTION,"[""I have's------III.""]","It is suggested to explore the potential benefits of Echinacea for relief; however, if you are taking any prescription medication, it's essential to consult with your doctor first. Another avenue is to contact a health food store, where many now have Healthcare Professionals available to answer questions, assess your situation, and recommend an appropriate course of treatment. As an additional remedy, consider gargling with salt water. An unconventional approach involves choosing between snorting, spitting, belching, or vomiting, depending on personal preference, for potential relief.","[[""Sounds like you've got some kind of virus ... try Echinacea ( but if you are taking any kind of prescription medication, check with your doctor first ).  Another way is to call to a health food store ... nowadays, most of them have a Healthcare Professional in there who can answer your question, ask you relevant questions and determine the best course of treatment."", 'Gargle with salt water.', 'Snort, or spit or belch or vomit, ur choice!']]"
INFORMATION,"['Saidaesuntswellingular. Ulcernymild or lumpses on the inside the inside the inside the inside the lips, gums mouth or on the mouth or gums or elsewhere inside the lipsSwelling or elsewhere inside the mouth that do not heal in the mouth that do not heal in 2-3 weeksWhite Patche not heal in 2-3 weeksWhite Patches in 2-3 weeksWhite Patches inside the mouth or white patches inside the inside the mouth or on the mouth or on the mouth or on the lipsSwelling mouth or on the lipsSwelling or swelling or the lipsSwelling or lumps or lumpswelling or lumps in the mouthing or lumps in the mouthIncreasing Increasing s in the mouthIncreasing Intolerance to the mouthIncreasing Intolerance to spicesNumbness, pain or to spicesNumbness, pain or bleeding inhalingness, pain or bleeding in the mouth without apparent cause or bleeding in the mouth without apparent cause']","Experiencing a ""cold"" (acute rhinitis) is caused by a virus, and being exposed to the virus is necessary to catch a cold. Airborne particles from sneezing or touching surfaces with the virus can introduce it to the body through the eyes, nose, or mouth. Hand-washing is recommended to minimize the risk of catching a cold. While being cold itself does not directly make you more susceptible to colds, there is a correlation between colder weather and an increase in colds, possibly due to factors such as spending more time indoors and increased exposure to others' colds. Wearing appropriate clothing in cold conditions is advised for overall health and immune system support.","[['A ""cold"" (runny nose, sinus drainage, sneezing, miserable feeling) is called acute rhinitis.  It\'s a inflammation of the mucous membranes in the nose and throat and is caused by a virus.   \n\nThere are many viruses that cause head-colds (acute rhinitis) and simply not being warm (no coat, gloves, etc) will not cause you to have acute rhinitis. You must be exposed to the virus before you can ""catch a cold."" \n\nSneezing causes airborne particles.  Someone who sneezes and has the virus can allow you to get the a cold.  Touching someone or something that has a virus on it can cause you to get a cold (acute rhinitis).\n\nThe virus enters your body by way of your eye, nose, or mouth. \n\nHand-washing is an excellent way to minimize the chance you\'ll catch a cold.', 'Both. Yes, you do get colds from airborn or surface viruses. However, your mother is right because being cold will lower your resistance and your immune system.', 'Research has shown that being ""cold"" does not make you more susceptible to colds. I put cold in quotes because cold is a relative term.  For instance, Mom is cold at 72 degrees and that\'s just too hot for me.  In the research that has been done, ""cold"" is usually around 40 degrees with their feet in cold water. Even spending quite a bit of time like this, people were still no more likely to catch a cold when directly exposed to cold germs.\n\nAnother reason I point out the relativity of being cold.  This idea has been around a long, long time.  When I read books written in the 1800s, the characters will talk about breaking the ice that had formed on the bedside water pitcher.  These people were sleeping in temperatures far colder than most people in developed countries can even conceive of.\n\nStill, it does seem like people get more colds during winter. It should be noted that this is the same whether you are in Chicago or LA. \n\nIt\'s possible that germs like it a touch cooler than we do, or it\'s possible we simply stay inside more, which leads to a greater chance of being exposed to other peoples colds (also, there\'s a lot more travelling and socializing in November/December - yet more chances to catch a cold).  \n\nIt could be that a good number of cases of colds are just ""cold stress"" - a reaction our bodies have to sudden changes in weather.  I know that my nose will run whenever we get a cold front come through.  \n\nWe have no real data, even on whether there really are more colds in the winter.  So it\'s hard to tell why we get more colds during the winter.  But getting cold doesn\'t seem to be that much of a culprit.', ""When you are cold, your body can't protect itself as well from illness because it turns its attention to protecting you from the cold itself.  If you wear the hat and gloves and coat, when you are exposed to germs in the air and on surfaces, you will be more able to fight it off before it makes you really ill.""]]"
INFORMATION,"[""as<unk>'soivitis gingid unheas""]","For information purposes, the sensation of sweating, especially in response to nervousness, anxiety, or fear, is a physiological response rooted in the human body's ""fight or flight"" mechanism. When faced with stressors or threats, the body activates various responses to prepare for action. This includes an increase in sympathetic nerve activity and the secretion of epinephrine from the adrenal gland. These substances affect sweat glands, particularly in the palms of the hands and armpits, leading to increased sweating. Additionally, the heightened sympathetic nerve activity alters the electrical resistance of the skin, contributing to the overall physiological response associated with the experience of sweating in stressful situations.","[['In very ""human terms"" this comes from the basic human reaction of ""fight or flight"". Whenever there is a situation that puts one ""under pressure"" whether it is giving a presentation at work or some guy is attacking you with a knife your body reacts to help defend yourself however necessary. When you get like this your heart races, you sweat to cool your body in case you have to work hard, your puples dialate so you can see everything, etc. Your body is protecting itself.\n Hope this helps. If you need claification let me know.', 'its life\n\nsimple enough', 'i think its cause your heart races.', 'Straight from the source, word for word:\n""Nervous or Scared?\nAs we mentioned, sweating responds to your emotional state. So when you are nervous, anxious or afraid, there is an increase in sympathetic nerve activity in your body as well as an increase in epinephrine secretion from your adrenal gland. These substances act on your sweat glands, particularly those on the palms of your hand and your armpits, to make sweat. Thus, you feel a ""cold"" sweat. Also, the increased sympathetic nerve activity in the skin changes it electrical resistance, which is the basis of the galvanic skin response used in lie detector tests.\n""']]"
INFORMATION,"[""I' Lovelysweresut is suggested'.""]","Yes, it is possible to contract HIV from real sex, as evidenced by a reported case about three years ago. In this instance, a woman with a large cut in her gums contracted HIV after engaging in oral sex with a man. This remains the only reported case of acquiring HIV in this manner.","[['yes.  first and only case was reported about 3 years ago.  a lady had a big cut in her gums and gave a man oral sex.  after that, she was diagnosed with hiv.  this has been the only reported case.', 'Yes.']]"
INFORMATION,"[""You'emigasor you have finished growing naturally.""]","Prostate cancer screening is advised to commence at the age of 40, with regular annual check-ups recommended thereafter. This proactive approach helps maintain overall health and allows for early detection of potential issues before they escalate into problems, as suggested by medical professionals.","[['I understand that 40 is the age to start. Regular yearly exams after that should help keep you in good shape or discover any ""issues"" that might be present before they cause problems.', 'Usually the doctors recomend getting your first check at the age of 40! \nGood luck when you get it done,make sure the doctor has small hands! lol']]"
EXPERIENCE,['I have asirnt is suggested'],"You can get blue balls just like how one individual did when they were 13, they are 19 now and recently did not get them anymore.","[['it is possible to get blue balls i got it when i was like 13 im 19 now ...but recently no', 'Nope.']]"
SUGGESTION,"[""I have you must have -4, I don're you be blind as i have bad vision is blind as a bats vision but a a bat. Go get i have glasses. Go get lasikr glasses. Many years agonsk surgery, ages ago, I had , i had i was 20/ i had a -4.40 but a -4.25 in one eye was -4.25 in one eye and -4.25 in one eye and a . in the other and a -3.5 in the other and -3.5 in the other and i had BAD vision and i had BAD vision, so i had BAD vision, so you must be blind as ...""]",It is suggested to have a breast exam and see if there is a connection between the tenderness/pain of your breasts to your period.,"[['Maybe your are pregnant. Or have a breast exam, it could also be new medication or birth control that you are on.', 'Some women experience breast tenderness and pain during ovulation because of the hormones your body is producing.\n\nSee if there is a connection between the tenderness/pain and your period.\n\nAnd yes, breast tenderness and pain could also be a sign of pregnancy.']]"
CAUSE,['sknYEARAdvsmo'],"Tender breasts may be due to pregnancy, a new medication, or birth control.","[['Maybe your are pregnant. Or have a breast exam, it could also be new medication or birth control that you are on.', 'Some women experience breast tenderness and pain during ovulation because of the hormones your body is producing.\n\nSee if there is a connection between the tenderness/pain and your period.\n\nAnd yes, breast tenderness and pain could also be a sign of pregnancy.']]"
INFORMATION,['nyasitem'],"Breast tenderness and pain during ovulation are commonly attributed to the hormones produced by the body during this menstrual phase. However, it's important to note that these symptoms can also be indicative of pregnancy. The hormonal fluctuations associated with early pregnancy can lead to breast sensitivity. Therefore, while ovulation is a typical cause, it's crucial to consider the possibility of pregnancy if breast tenderness persists or occurs in conjunction with other pregnancy-related symptoms.","[['Maybe your are pregnant. Or have a breast exam, it could also be new medication or birth control that you are on.', 'Some women experience breast tenderness and pain during ovulation because of the hormones your body is producing.\n\nSee if there is a connection between the tenderness/pain and your period.\n\nAnd yes, breast tenderness and pain could also be a sign of pregnancy.']]"
INFORMATION,['tyasesas: It is a Tourettes. It is a neurobiologictrs lifelong-biologic disorder in theorelong and there is causes in the brain that causes it is not tics. It is lifelong and there is lifelong and lifelong and there is not uncommon and there is not there is not as not a cure yet a cure yet a cure yet.'],I'd has minimum side effects.,"[['avoid oral tabs. iud has minimum side effects.', 'i take birth control pills and they seem to work very well.  Condoms are very effective also.  The two combined are the best.', 'Temporary or Permanent?\n\nTemporary.......OCP.(ask ur dr, for suitable one)\nPermnent........Tubectomy/Vasectomy.']]"
EXPERIENCE,"[""-nstas a 2-3 month window period after 6 months after 6 month window period after you are not being infed a first infected where you cannot detect HIV infected where you cannot detect HIV through the regular tests you cannot detect HIV through the regular tests they say that you's regular tests they say that after 6 months of negative testing say that after 6 months of negative testing you's 6 months of negative testing you're considered officially negative testing you're considered officially negative (s you're considered officially negative""]","In users expereince, one individual shared that they find birth control pills to be effective for contraception, and they emphasize the added effectiveness when combined with condoms. The combination of both methods is considered by this person as the most reliable way to prevent pregnancy.","[['avoid oral tabs. iud has minimum side effects.', 'i take birth control pills and they seem to work very well.  Condoms are very effective also.  The two combined are the best.', 'Temporary or Permanent?\n\nTemporary.......OCP.(ask ur dr, for suitable one)\nPermnent........Tubectomy/Vasectomy.']]"
SUGGESTION,"[""I have'tonsordv.Denter't's.""]",It is suggested to avoid oral tabs and to ask your doctor for a contraceptive.,"[['avoid oral tabs. iud has minimum side effects.', 'i take birth control pills and they seem to work very well.  Condoms are very effective also.  The two combined are the best.', 'Temporary or Permanent?\n\nTemporary.......OCP.(ask ur dr, for suitable one)\nPermnent........Tubectomy/Vasectomy.']]"
INFORMATION,['You will limee...'],"If left untreated, a hernia can lead to severe and potentially fatal consequences. A hernia occurs when part of the intestine protrudes through a weakened area in the abdominal muscles, particularly in the groin for an inguinal hernia. Factors such as obesity, pregnancy, heavy lifting, and straining can contribute to its development. Symptoms include a lump in the groin, pain, and, in severe cases, intestinal blockage. Diagnosis involves a physical exam, x-rays, and blood tests. The primary treatment is surgery, either herniorrhaphy to repair the muscle opening or hernioplasty to reinforce it with mesh or wire. In some cases, bowel resection may be necessary if the protruding intestine is twisted or trapping stool. The passage also mentions femoral hernia as another type and acknowledges various uncommon hernias.","[[""if you don't get it treated you will have very serious consequences that will eventually be fatal"", 'A hernia is a condition in which part of the intestine bulges through a weak area in muscles in the abdomen. An inguinal hernia occurs in the groin (the area between the abdomen and thigh). It is called ""inguinal"" because the intestines push through a weak spot in the inguinal canal, which is a triangle-shaped opening between layers of abdominal muscle near the groin. Obesity, pregnancy, heavy lifting, and straining to pass stool can cause the intestine to push against the inguinal canal.\n\nSymptoms of inguinal hernia may include a lump in the groin near the thigh; pain in the groin; and, in severe cases, partial or complete blockage of the intestine. The doctor diagnoses hernia by doing a physical exam and by taking x rays and blood tests to check for blockage in the intestine.\n\nThe main treatment for inguinal hernia is surgery to repair the opening in the muscle wall. This surgery is called herniorrhaphy. Sometimes the weak area is reinforced with steel mesh or wire. This operation is called hernioplasty. If the protruding intestine becomes twisted or traps stool, part of the intestine might need to be removed. This surgery is called bowel resection. (Bowel is another word for intestine.)', 'Its a protrusion of abdominal content frm inguinal canal. It must be treated to prevent further complications. Another hernia is femoral hernia where the content comes frm femoral canal. There are many other uncomman hernia also.']]"
EXPERIENCE,['I havenstasorrrrrdd'],"In users expereince, one person had gall bladder surgery a couple of years ago, which was not an emergency and described it as an easy surgery. They recovered quickly and felt okay within a couple of days. Additionally, Another individual had a previous gall bladder surgery in 1998, which was prompted by a sharp pain extending to their back. They went to the emergency room, and surgery was scheduled two days later.","[['I had it a couple of years ago, not as an emergency.  Easy surgery, I was back up and feeling ok in a couple of days.', 'Yes, I did back in 1998. It first started with a sharp pain going all the way through to my back. I had to go to the emergency room and they scheduled surgery two days later.']]"
INFORMATION,['Drinking out your system cranthose cranurinate berry juice and nberry juices water and grapesa lot of your urinary crayr of water and your urinarye juice is good to clean your urinary. Cranberry juice to clean out your urinary berry Juice out your urinary system and grape juice and grape juice.Cranberry juice are good for cranberry juice is good to clean out your urinary is good to clean out your urinary system good to clean out your urinary system. Drinking out your urinary system. Drinking 100% Cranberry juice urine cranberry juice and grape juice cranberry juice and grape juice is good tonberry juice grape juice are good to clean out your urine is good to clean out your urinary urinary to clean out your urinary system. Drinking out your urinary system. Drinking crany system drink lots of cranberry juice cran cranberry juice and grape juice is good berry juice and grape juice is good to clean out and grape juice are good to clean out your urinary is good to clean out your urinary system good to clean out your urinary system. Drinking out your urinary system. Drinking crany system. Drinking cranberry juice is good cranberry juice is good to clean out berry juice is good to clean out your urinary juice good to clean out your urinary system. Drinking out your urinary system. Drinking crany system. Drinking cranberry juice is good cranberry juice is good to clean out your juice is good to clean out your urinary system good to clean out your urinary system. Drinking out your urinary system. Drinking crany system. Drinking cranberry juice is good cranberry juice is good to clean out your juice is good to clean out your urinary is good to clean out your urinary system. Drinking out your urinary system. Drinking crany system. Drinking cranberry juice is good cranberry juice is good to clean out is good is good to clean out your urinary to clean out your urinary urinary system Clean out your urinary system. Drinking out your urinary system. Drinking crany'],"Emphysema is an obstructive air disease characterized by the inability to breathe out all the air properly. About 90% of cases are caused by long-term smoking, leading to issues such as shortness of breath, infections, and dependency on oxygen. However, with proper medical care and medications, individuals with emphysema can still lead a relatively normal life.","[['May I direct you to http://www.lung.ca/diseases/emphysema.html . Tell him I hope he feels better.', 'actually its emphysema.  its known as an obstructive air disease, meaning a person with this disease is unable to breathe out all the air properly.  majority of the cases (90%) are caused by long term smoking.  It can lead to several problemss including shortness of breath, infections and becoming dependent on Oxygen.  With good medical care and medications though the person can still live a pretty normal life']]"
INFORMATION,"['Yes, this of ...']",Hernia and fertility have nothing to do with each other.,"[[""No, unless something went very wrong during surgery. I had hernia surgery and have had 2 kids since. They have really nothing to do with each other. I would definitely get checked out if I was him. I know it's an uncomfortable thing to do but if indeed malpractice was performed he needs to be compensated greatly."", 'nmot really likely that the hernia operation had anything to do with it, but, your boyfriend should get checked out. !!!', 'Are you sure it was a hernia operation he had or was it something else like getting clipped.']]"
QUESTION,['I have you itas a change inhale.'],It is inquired if they were sure that nothing else was getting clipped.,"[[""No, unless something went very wrong during surgery. I had hernia surgery and have had 2 kids since. They have really nothing to do with each other. I would definitely get checked out if I was him. I know it's an uncomfortable thing to do but if indeed malpractice was performed he needs to be compensated greatly."", 'nmot really likely that the hernia operation had anything to do with it, but, your boyfriend should get checked out. !!!', 'Are you sure it was a hernia operation he had or was it something else like getting clipped.']]"
SUGGESTION,['s and asorrr'],It is suggested to get it checked out especially if malpractice is suspected.,"[[""No, unless something went very wrong during surgery. I had hernia surgery and have had 2 kids since. They have really nothing to do with each other. I would definitely get checked out if I was him. I know it's an uncomfortable thing to do but if indeed malpractice was performed he needs to be compensated greatly."", 'nmot really likely that the hernia operation had anything to do with it, but, your boyfriend should get checked out. !!!', 'Are you sure it was a hernia operation he had or was it something else like getting clipped.']]"
EXPERIENCE,"[""a asiuit. This is to know more about desease some kind of information about deseaseseases of fear in one's caused by smoking. This creates as smoking. This creates some kind of smoking. This creates some kind of fear in one who is some kind of fear in one who is a of fear in one who is adicted to smoking and is adicted to smoking and adicted to smoking and a possibility to come out of smoking. Good luck to come out of it. This works. chewing out of it worked for one friend of gum instead of it for one friend of mine. This creates one friend of mine. Good luck. chewing of mine. Good luck. chewing gum instead of chewing. chewing gum instead of tobacco. gum instead of gum instead of tobacco""]","In users expereince, one individual had hernia surgery and had two kids.","[[""No, unless something went very wrong during surgery. I had hernia surgery and have had 2 kids since. They have really nothing to do with each other. I would definitely get checked out if I was him. I know it's an uncomfortable thing to do but if indeed malpractice was performed he needs to be compensated greatly."", 'nmot really likely that the hernia operation had anything to do with it, but, your boyfriend should get checked out. !!!', 'Are you sure it was a hernia operation he had or was it something else like getting clipped.']]"
SUGGESTION,"[""I have you'sunsharvest whiten'd probably only have whitestripst have to do it once as. Try using it once a year or charcoal rub it once a year or so.""]","To read more on scleroderma, visit National scleroderma foundation's website scleroderma.org","[['I was on an email group a few years ago with a bunch of people who had scleroderma. A lot of them took methotrexate, but I don\'t see much reference to it in new studies. Take a look at some of the articles on scleroderma.org:\nhttp://www.scleroderma.org/medical/research&treatment.shtm\nEspecially the one called, ""Scleroderma: a treatable disease""\nhttp://www.scleroderma.org/medical/r&t_articles/Korn2003_SDTreatable.shtm', ""It appears that the question period has expired. If you have received an answer that meets your needs, please choose a 'best answer.'\nRegards.""]]"
EXPERIENCE,['Blood sugarstas lgly sugar'],"A person in contact with multiple people suffering from scleroderma on email group shared that a many of them used methotrexate for their symptoms. However, they agreed found that this drug wasn't referenced often in the literature.","[['I was on an email group a few years ago with a bunch of people who had scleroderma. A lot of them took methotrexate, but I don\'t see much reference to it in new studies. Take a look at some of the articles on scleroderma.org:\nhttp://www.scleroderma.org/medical/research&treatment.shtm\nEspecially the one called, ""Scleroderma: a treatable disease""\nhttp://www.scleroderma.org/medical/r&t_articles/Korn2003_SDTreatable.shtm', ""It appears that the question period has expired. If you have received an answer that meets your needs, please choose a 'best answer.'\nRegards.""]]"
SUGGESTION,['It isoliesiinstead of all the most expensive in America we have the vitamin supplements wet urine. This is most expensive urine is full of the most expensive urine in the most water. It is urine in the world. This is said that in the world. This is becasuse of America we have to becasuse of all the most expensive urine like o all the vitamin supplements. urine in America we have vitamin supplements we consume. It is the most expensive urine. Make sure to becasuse urine in the vitamins to drink lots of all the world.'],"If you have been exposed to body fluids of an infected person with hepatitis A, it is suggested to get tested.","[['HAV is found in the stool (feces) of persons with hepatitis A.  \nHAV is usually spread from person to person by putting something in the mouth (even though it may look clean) that has been contaminated with the stool of a person with hepatitis A.', 'If you have been exposed to body fluids of an infected person, you should be tested.', 'distressingly both snuggle bunny and browneyed maiden are right. Hepatitis A spreads through both means. For more informtation on modes of spread of different kinds of Hepatitis (A,B,C....) look up the link below.']]"
INFORMATION,"[""The purpose of it'se loss of the space bet is suggested's. Ther between the top of your gum pockets are the gum pockets of your gum pockets (the space bet the gums to the space betwens to the alvewen the top of your alveolar bone that top of your gumsal bone that holds your gums""]","Hepatitis A virus (HAV) is detected in the stool of individuals with hepatitis A (AV). The transmission of HAV typically occurs through person-to-person contact by ingesting something that has been contaminated with the feces of an infected person, even if it appears clean. Both ""snuggle bunny"" and ""browneyed maiden"" are accurate in noting that hepatitis A can spread through various means, emphasizing the importance of maintaining proper hygiene and sanitation practices to prevent its transmission.","[['HAV is found in the stool (feces) of persons with hepatitis A.  \nHAV is usually spread from person to person by putting something in the mouth (even though it may look clean) that has been contaminated with the stool of a person with hepatitis A.', 'If you have been exposed to body fluids of an infected person, you should be tested.', 'distressingly both snuggle bunny and browneyed maiden are right. Hepatitis A spreads through both means. For more informtation on modes of spread of different kinds of Hepatitis (A,B,C....) look up the link below.']]"
INFORMATION,['n'],Consider the irreversible nature of current actions; transitioning won't change your gender. Be cautious about potential outcomes that may lead to an unconventional appearance.,"[[""Well your voice will change, you will develope breasts, your body shape may change as well as your features, but you won't look like a complete girl unless you already look a little feminine."", 'you are far to young to make a decision like this you need to see a dr, and a good shrink,and talk to a pastor. what you do now you can not change later', 'this will make you a man wanna be/look girl.\nYou will NEVER be a female. Think twice before doing anything to make you look like a freak.\nsorry for the honesty!']]"
SUGGESTION,['I amyaswas.'],"It's advisable to consult with a doctor, seek guidance from a mental health professional, and discuss concerns with a pastor before making decisions, especially if related to taking estrogen.","[[""Well your voice will change, you will develope breasts, your body shape may change as well as your features, but you won't look like a complete girl unless you already look a little feminine."", 'you are far to young to make a decision like this you need to see a dr, and a good shrink,and talk to a pastor. what you do now you can not change later', 'this will make you a man wanna be/look girl.\nYou will NEVER be a female. Think twice before doing anything to make you look like a freak.\nsorry for the honesty!']]"
SUGGESTION,"['I have you., this is it is it is if you may be a a sign of not pregnant or a sign of infection infe or have just given']",It is suggested to consider using decongestant Mucinex.,"[['My dad and great aunt use it and they claim that it is a miracle drug.  I would definately consider using it.  Oh yeah, one time I had a conjested chest and it worked for me too!', 'Yes Mucinex is a good decongestant, it almost works to well because you will notice your nose running alot more when you are on it.']]"
EXPERIENCE,['Theor asimmeteta).'],"In users expereince, one individual's dad and great aunt claim that decongestant Mucinex is a miracle drug. They had a contested chest and it worked for them too.","[['My dad and great aunt use it and they claim that it is a miracle drug.  I would definately consider using it.  Oh yeah, one time I had a conjested chest and it worked for me too!', 'Yes Mucinex is a good decongestant, it almost works to well because you will notice your nose running alot more when you are on it.']]"
INFORMATION,['s<unk>u----- ibupronodoillustrprefenes'],"Mucinex is considered a potent decongestant, and while effective, it may lead to increased nasal drainage as a side effect.","[['My dad and great aunt use it and they claim that it is a miracle drug.  I would definately consider using it.  Oh yeah, one time I had a conjested chest and it worked for me too!', 'Yes Mucinex is a good decongestant, it almost works to well because you will notice your nose running alot more when you are on it.']]"
SUGGESTION,['I have asoremi.'],"It is suggested that the most effective method for healthy weight gain involves consuming a balanced diet rich in nutritious foods and proteins, coupled with regular exercise.","[[""Check this height/weight chart. This is a guideline... keep in mind that there are always exceptions, but if you find that you are out of the range you may want to consider that you might be underweight.\n\nAlso ask yourself...  Do you hate to eat? Do you eat ice cream? Potato chips? Pizza? Anorexia is more than just being skinny. It is a way that people relate to food and eating. If you eat when you are hungry and don't worry about it, I would say you are just naturally skinny.\n\nWhen you start refusing to eat certain foods because they have too much fat, when you look at yourself in the mirror and think you look fat all the time, when you obsess about your figure... those are danger signs. If you don't really think about what you are eating, and don't ignore your hunger, you are probably just skinny.\n\nIts ok to be skinny unless you get there through unhealthy means.\n\nAnorexia - losing weight through not eating, \nand\nBulemia - throwing up after you eat\nare both unhealthy. If you think you have one of these tell your doctor. These can have severe consequences including interefering with your ability to have children later."", 'How tall are you and what is your age/gender?', ""im 5'3 and weigh 104, no one ever tells me i look to skinny. I also have a D cup up top and an alright backside that help to give me curves. If you dont throw up than your not anorexic. If you want to gain weight, eat healthy protein meals and work out.""]]"
QUESTION,"[""You'stonssorthenjoin'.comegonalg'""]","It is inquired whether a person with anorexia generally hates eating food, followed by questions about their age and gender to determine if they are indeed anorexic.","[[""Check this height/weight chart. This is a guideline... keep in mind that there are always exceptions, but if you find that you are out of the range you may want to consider that you might be underweight.\n\nAlso ask yourself...  Do you hate to eat? Do you eat ice cream? Potato chips? Pizza? Anorexia is more than just being skinny. It is a way that people relate to food and eating. If you eat when you are hungry and don't worry about it, I would say you are just naturally skinny.\n\nWhen you start refusing to eat certain foods because they have too much fat, when you look at yourself in the mirror and think you look fat all the time, when you obsess about your figure... those are danger signs. If you don't really think about what you are eating, and don't ignore your hunger, you are probably just skinny.\n\nIts ok to be skinny unless you get there through unhealthy means.\n\nAnorexia - losing weight through not eating, \nand\nBulemia - throwing up after you eat\nare both unhealthy. If you think you have one of these tell your doctor. These can have severe consequences including interefering with your ability to have children later."", 'How tall are you and what is your age/gender?', ""im 5'3 and weigh 104, no one ever tells me i look to skinny. I also have a D cup up top and an alright backside that help to give me curves. If you dont throw up than your not anorexic. If you want to gain weight, eat healthy protein meals and work out.""]]"
EXPERIENCE,['You may beastamperate them fade with zapped out stretch marks.'],"In users expereince, one user, standing at 5 feet 3 inches and weighing 104 pounds, shared their experience, noting that no one referred to them as skinny.","[[""Check this height/weight chart. This is a guideline... keep in mind that there are always exceptions, but if you find that you are out of the range you may want to consider that you might be underweight.\n\nAlso ask yourself...  Do you hate to eat? Do you eat ice cream? Potato chips? Pizza? Anorexia is more than just being skinny. It is a way that people relate to food and eating. If you eat when you are hungry and don't worry about it, I would say you are just naturally skinny.\n\nWhen you start refusing to eat certain foods because they have too much fat, when you look at yourself in the mirror and think you look fat all the time, when you obsess about your figure... those are danger signs. If you don't really think about what you are eating, and don't ignore your hunger, you are probably just skinny.\n\nIts ok to be skinny unless you get there through unhealthy means.\n\nAnorexia - losing weight through not eating, \nand\nBulemia - throwing up after you eat\nare both unhealthy. If you think you have one of these tell your doctor. These can have severe consequences including interefering with your ability to have children later."", 'How tall are you and what is your age/gender?', ""im 5'3 and weigh 104, no one ever tells me i look to skinny. I also have a D cup up top and an alright backside that help to give me curves. If you dont throw up than your not anorexic. If you want to gain weight, eat healthy protein meals and work out.""]]"
INFORMATION,['I havenstasealways let her fears.'],"For information purposes, anorexia is more than just being skinny. It involves a complex relationship with food and eating. The key indicators include refusing to eat certain foods due to their fat content, persistent belief of looking fat despite evidence, and obsessive thoughts about one's figure. It is emphasized that being naturally skinny and eating when hungry is different from anorexia. Anorexia involves losing weight through extreme dietary restriction. The summary also distinguishes anorexia from bulimia, which involves vomiting after eating. Both anorexia and bulimia can have severe consequences, potentially impacting fertility and the ability to have children later in life. The message underscores the importance of recognizing dangerous signs and the potential harm associated with unhealthy weight loss practices.","[[""Check this height/weight chart. This is a guideline... keep in mind that there are always exceptions, but if you find that you are out of the range you may want to consider that you might be underweight.\n\nAlso ask yourself...  Do you hate to eat? Do you eat ice cream? Potato chips? Pizza? Anorexia is more than just being skinny. It is a way that people relate to food and eating. If you eat when you are hungry and don't worry about it, I would say you are just naturally skinny.\n\nWhen you start refusing to eat certain foods because they have too much fat, when you look at yourself in the mirror and think you look fat all the time, when you obsess about your figure... those are danger signs. If you don't really think about what you are eating, and don't ignore your hunger, you are probably just skinny.\n\nIts ok to be skinny unless you get there through unhealthy means.\n\nAnorexia - losing weight through not eating, \nand\nBulemia - throwing up after you eat\nare both unhealthy. If you think you have one of these tell your doctor. These can have severe consequences including interefering with your ability to have children later."", 'How tall are you and what is your age/gender?', ""im 5'3 and weigh 104, no one ever tells me i look to skinny. I also have a D cup up top and an alright backside that help to give me curves. If you dont throw up than your not anorexic. If you want to gain weight, eat healthy protein meals and work out.""]]"
SUGGESTION,['Yes'],It is suggested to ask a pharmacist since the inquirer had been prescribed Zalestra.,"[['This is not an appropriate forum for such questions.  Ask a pharmacist.  Your health is too important to depend on untrained strangers for answers.', ""I am also on fluoxetine, and You would have to see your doctor. You have to be prescribed zalestra anyway. So, ask your doctor if there will be any side effects. It's the best and only way to do it.""]]"
SUGGESTION,['piiee...'],"It is suggested to seek medical attention to identify alternatives to surgery of the leg bones as plenty alternatives like leg braces, etc do exist.","[[""When I was a baby I had the same problem with my right foot and wore special shoes that were bolted to a special board that turned my foot the right way after about a year of wear. Ask your doctor for alternatives to surgery if you aren't comfortable with your 6 year old having surgery. There should be plenty of alternatives."", ""Calm down! Don't worry it's okay. I may not have been through the surgery myself, but a close friend of mine has. His walking improved greatly however it's not perfect. Don't think like a pesimist of what might happen think like an optomist. Every cloud has a silver lining!"", ""My ex had that problem when she was a child. Wearing Leg Braces for a year resolved the issue. I don't know if it was as bad as 30 degrees though. Besides... what's the problem with having feet that point outward?""]]"
EXPERIENCE,['saikudilloily'],"A person shared their experience wherein wearing shoes bolted to special contraption for a year helped them to train their foot to fold and bend correctly. Also, other people assured that such a surgery to correct the twisted bones of the leg are safe and useful.","[[""When I was a baby I had the same problem with my right foot and wore special shoes that were bolted to a special board that turned my foot the right way after about a year of wear. Ask your doctor for alternatives to surgery if you aren't comfortable with your 6 year old having surgery. There should be plenty of alternatives."", ""Calm down! Don't worry it's okay. I may not have been through the surgery myself, but a close friend of mine has. His walking improved greatly however it's not perfect. Don't think like a pesimist of what might happen think like an optomist. Every cloud has a silver lining!"", ""My ex had that problem when she was a child. Wearing Leg Braces for a year resolved the issue. I don't know if it was as bad as 30 degrees though. Besides... what's the problem with having feet that point outward?""]]"
SUGGESTION,['go to as and many more information go to webmdfemd.'],"It is suggested to enhance metabolism and promote weight loss by incorporating several lifestyle changes. These include exercising more, reducing consumption of sugary and empty carb foods, and increasing intake of fruits and vegetables. Drinking a cup of coffee in the morning can boost metabolism, but moderation is key. Eating more frequent, smaller meals, incorporating pickles or vinegar, and focusing on veggies over starchy foods are recommended. Taking multivitamins and being mindful of calorie intake versus expenditure contribute to a healthier lifestyle. Opting for fish instead of meat is suggested, and deep-frying should be avoided. Ultimately, creating a caloric deficit by consuming fewer calories than expended through exercise is crucial for weight loss.","[['Start exercising more, cut back on sugary foods or things that are empty carbs (soda? yeah thats all it is!) and eat more fruits and veggies. If you eat more fiber, you will fill up faster AND be healthier. Good luck:-)', ""there are a few things that i've heard work 1 1 cup of coffee in the morning if you do this its sopposed to boost your matabilizem but if you drink to much more you'll become immune do your best not to put to much cream or sugar unless its sugar substitute in it otherwise tea but not sweetened tea or diet soda or pop or whatever you call it 2 you can eat more smaller meals if you have 3 meals basicly split them in half and have 6 this way your body needs to work more often to digest food 3 a good size pickel or a tablespoon of vinager this is also a matabilizm booster 4 increase the amount of fruits and vegatibals in your diet but more veggies cause friuts have sugars and thats not what you want to much of trying to loose weight 5 take multi vitamins part of fat is stored nutrients that your body rarely gets if ever this also goes back to the friuts and veggies 6 decrease the amount of starchy foods you eat like breads potatoes snack foods and any regular cola type if it has sugar in it its not your friend 7 i have also heard if you drink milk every day its sopposed to help i haven't tested this but its worth a shot 8 meat is ok but try to steer tward fish if you can its better for you as long asits not deep fryed"", 'Take in fewer calories than you burn (eat less, exercise more).There in no other way short of removing body parts(ie liposuction or amputation).  All of the thousands of ""diets"" or other methods just try to make it more tolerable eat fewer calories or suffer more exercise. Jeff, MD']]"
INFORMATION,['Hiciasna hiccupsm'],"For information purposes, there is no other effective approach to weight reduction, aside from extreme measures such as liposuction or amputation. All the numerous ""diets"" and methods available primarily focus on making it more bearable to consume fewer calories or engage in more strenuous exercise.","[['Start exercising more, cut back on sugary foods or things that are empty carbs (soda? yeah thats all it is!) and eat more fruits and veggies. If you eat more fiber, you will fill up faster AND be healthier. Good luck:-)', ""there are a few things that i've heard work 1 1 cup of coffee in the morning if you do this its sopposed to boost your matabilizem but if you drink to much more you'll become immune do your best not to put to much cream or sugar unless its sugar substitute in it otherwise tea but not sweetened tea or diet soda or pop or whatever you call it 2 you can eat more smaller meals if you have 3 meals basicly split them in half and have 6 this way your body needs to work more often to digest food 3 a good size pickel or a tablespoon of vinager this is also a matabilizm booster 4 increase the amount of fruits and vegatibals in your diet but more veggies cause friuts have sugars and thats not what you want to much of trying to loose weight 5 take multi vitamins part of fat is stored nutrients that your body rarely gets if ever this also goes back to the friuts and veggies 6 decrease the amount of starchy foods you eat like breads potatoes snack foods and any regular cola type if it has sugar in it its not your friend 7 i have also heard if you drink milk every day its sopposed to help i haven't tested this but its worth a shot 8 meat is ok but try to steer tward fish if you can its better for you as long asits not deep fryed"", 'Take in fewer calories than you burn (eat less, exercise more).There in no other way short of removing body parts(ie liposuction or amputation).  All of the thousands of ""diets"" or other methods just try to make it more tolerable eat fewer calories or suffer more exercise. Jeff, MD']]"
INFORMATION,"[""I have it'sidrrrrita if your family history.""]","For information purposes, the effectiveness of weight loss depends on the desired speed of results and the long-term sustainability. The healthiest approach involves increasing the number of calories burned while controlling daily calorie intake. Incorporating aerobic activities such as biking, running, or swimming is an easy way to boost calorie expenditure in the process of achieving weight loss.","[[""no magic solution.\nif you eat less and exercise more - you'll loose weight. \n\nstop sitting infront of your computer eating snacks asking questions on yahoo. go  out, exercise, eat 3 meals a days. no junk food, no overly prepared food."", 'depends how quickly you want to lose weight and how long you want to keep it off.  The healthiest way to lose weight is to increase the # of calories you burn and control the # of calories you take in on a daily basis.  Some easy ways to increase calorie output is to take up some areobic activity like biking, running, swimming, etc.  You can do something like atkins, but its best if you dont starve your body and deplete it this way.  Its better to have a more sensible balanced diet.', ""Simple answer: expend more calories than you intake. Anything that raises your heart rate for an hour a day (and makes you sweat) will work. Jumping rope, brisk walking/running, climbing stairs are all good exercises. Just don't neglect the your diet.""]]"
SUGGESTION,"[""sens are you can'a diet without carbohydrates. A no longer survive without carbohydrates. A no carb diet without carbs. A no carb diet is probably . A no carb diet is probably a bad idea without carbohydrates is probably a bad idea, but low carbo""]","For weight loss, It is suggested to avoid extreme diets like Atkins and opt for a more sensible, balanced approach to avoid starving and depleting the body. The key is to expend more calories than you consume. Engaging in activities that elevate the heart rate for about an hour a day, such as jumping rope, brisk walking or running, and climbing stairs, can be effective. However, it's crucial not to neglect a healthy diet in the weight loss process.","[[""no magic solution.\nif you eat less and exercise more - you'll loose weight. \n\nstop sitting infront of your computer eating snacks asking questions on yahoo. go  out, exercise, eat 3 meals a days. no junk food, no overly prepared food."", 'depends how quickly you want to lose weight and how long you want to keep it off.  The healthiest way to lose weight is to increase the # of calories you burn and control the # of calories you take in on a daily basis.  Some easy ways to increase calorie output is to take up some areobic activity like biking, running, swimming, etc.  You can do something like atkins, but its best if you dont starve your body and deplete it this way.  Its better to have a more sensible balanced diet.', ""Simple answer: expend more calories than you intake. Anything that raises your heart rate for an hour a day (and makes you sweat) will work. Jumping rope, brisk walking/running, climbing stairs are all good exercises. Just don't neglect the your diet.""]]"
INFORMATION,"[""s'sunsoresnit out.""]","Cheese and other milk products are thick binding agents which is harder for the body to digest. Lactose intolerance developed in adulthood, eating cheese in excessive quantities or a diet without sufficient fibers can make food move slowly through the intestinal tract leading to consipation.","[['Only if it is eaten in quantity.', 'Cheese, like many other foods are thick binding agents.  The fatter foods move the slowest through the intestinal tract.  Other foods that are good for bulking are noodles, rice, bananas, and peanut butter.', ""It can definitely be a binding agent, especially if your diet lacks enough fiber or roughage. It's also really hard for your body to digest, because most adults become lactose intolerant whether they realize it or not."", 'They say if you eat enough of it, it can make you constipated or bind.', ""i wouldn't stick it in your butt if that is what your thinking. It could probally if you ate a ton of it"", 'if u find out, tell me!']]"
EXPERIENCE,"[""n totas -- You did noticidymrrrn'tize""]",A person found that eating excessive cheese can cause constipation.,"[['Only if it is eaten in quantity.', 'Cheese, like many other foods are thick binding agents.  The fatter foods move the slowest through the intestinal tract.  Other foods that are good for bulking are noodles, rice, bananas, and peanut butter.', ""It can definitely be a binding agent, especially if your diet lacks enough fiber or roughage. It's also really hard for your body to digest, because most adults become lactose intolerant whether they realize it or not."", 'They say if you eat enough of it, it can make you constipated or bind.', ""i wouldn't stick it in your butt if that is what your thinking. It could probally if you ate a ton of it"", 'if u find out, tell me!']]"
INFORMATION,['Use yastraumeed to remove the piece of summary with your toothpick the piece of floss.'],"For information purposes, the perspective on plastic surgery is to do it only for oneself, without the influence of others, to avoid potential regrets or addiction. The best outcomes should be natural-looking, and it's generally discouraged unless it's for medical or restorative purposes, like correcting disfigurement or addressing health-related issues. Plastic surgery can be justified in cases of accidents, medical conditions, or for improving self-confidence. Ultimately, accepting and embracing one's natural beauty is the preferred approach.","[[""i say if ya wanna do it, then do it!!!!! but do it for yourself and not for anybody else or you might regret it!\n\nand don't get addicted, those ladies who are addicted look sooooo weird, very creepy."", ""It's great. Why not do it if it actually enhances you.  Just don't go too far.\n\nThe best plastic surgery doesn't look like placticsurgery at all."", ""I say nay unless a person has been in an accident and is disfigured or needs the surgery for medical reasons.  Otherwise let's just think Michael Jackson."", ""Well, i'm undecided because some people need plastic surgery after they suffered a disease such as people suffering from breast cancer. Some people need plastic surgery to boast their confidence, so i guess it's ok cause either way they are helping themselves."", ""well I say no because if you realize that your beautiful and accept your beauty then you don't need it. My advice is get a man that tells you your perfect and beautiful all the time and believe me, your self-esteem will RISE.. hehe =D""]]"
SUGGESTION,['eyasessorgasmrx'],"It is advice is to embrace self-enhancement while maintaining a balance. It suggests finding a partner who consistently praises one's beauty and perfection to boost self-esteem. it's important not to overdo plastic surgery. Striking this balance can lead to personal growth and improved self-worth, but moderation is key.","[[""i say if ya wanna do it, then do it!!!!! but do it for yourself and not for anybody else or you might regret it!\n\nand don't get addicted, those ladies who are addicted look sooooo weird, very creepy."", ""It's great. Why not do it if it actually enhances you.  Just don't go too far.\n\nThe best plastic surgery doesn't look like placticsurgery at all."", ""I say nay unless a person has been in an accident and is disfigured or needs the surgery for medical reasons.  Otherwise let's just think Michael Jackson."", ""Well, i'm undecided because some people need plastic surgery after they suffered a disease such as people suffering from breast cancer. Some people need plastic surgery to boast their confidence, so i guess it's ok cause either way they are helping themselves."", ""well I say no because if you realize that your beautiful and accept your beauty then you don't need it. My advice is get a man that tells you your perfect and beautiful all the time and believe me, your self-esteem will RISE.. hehe =D""]]"
INFORMATION,['You may beasthamas to be as far as far asthamad as far as you can be far asthama u can from dust.'],"For information purposes, aIDS (Acquired Immunodeficiency Syndrome) is a chronic immune system disease caused by the human immunodeficiency virus (HIV) that is characterized by reduced immunity and the consequent complications emerging from it. It is a global epidemic that originated in Sub-Saharan Africa in the 20th century. At the time of writing, there exists no absolute cure for an HIV infection.","[['AIDS (Acquired Immunodeficiency Syndrome or Acquired Immune Deficiency Syndrome, rarely written Aids) is a disease characterized by the destruction of the human immune system. It stands today as a global epidemic, that originated in sub-Saharan Africa during the twentieth century. Although there are treatments to hinder the progress of AIDS, there is yet no known cure or vaccine. \n\nHiv - Human immunodeficiency virus. The virus that causes AIDS.', 'I would really like you to to pay a visit to this site for solving the most fundamental queries that you have.\n\nhttp://hivinsite.ucsf.edu/hiv?page=FAQ']]"
CAUSE,['Its<unk>nes --------- tackling this stress can bea-tackling this stress can be very helpful. It is very helpful. It iso- stress takes itst- stress takes its only reasonable toll on all of your toll to conclude that any of the systems of the systems of any diseases or any diseases or conditions of your body systems of conditions will be exacerbated. It is exacerbated d by stress takes its only reasonable to stress.'],AIDS (Acquired Immunodeficiency Syndrome) is a chronic immune system disease caused by the human immunodeficiency virus (HIV) that is characterized by reduced immunity and the consequent complications emerging from it.,"[['AIDS (Acquired Immunodeficiency Syndrome or Acquired Immune Deficiency Syndrome, rarely written Aids) is a disease characterized by the destruction of the human immune system. It stands today as a global epidemic, that originated in sub-Saharan Africa during the twentieth century. Although there are treatments to hinder the progress of AIDS, there is yet no known cure or vaccine. \n\nHiv - Human immunodeficiency virus. The virus that causes AIDS.', 'I would really like you to to pay a visit to this site for solving the most fundamental queries that you have.\n\nhttp://hivinsite.ucsf.edu/hiv?page=FAQ']]"
INFORMATION,['I have you fonesunt is suggested'],"It is suggested that experiencing signs of eye strain, such as difficulty focusing on words, may indicate an error in the accommodation of the eyes, possibly due to a lack of focus.","[[""This could be a sign that you're eyes are straining too hard on the words, meaning that your eyes are out of focus. If you wear glasses, you might need a newer lens, if you don't, you should get your eyes checked out."", 'Due to error in accommodation of your eyes.  Consult an Opthalmologist.  You may require power glasses for your eyes.', 'You probaly need glasses. Go ask your eye docter or docter.', 'good question...mine hurt when i read too.']]"
EXPERIENCE,"[""Stop ayaristain'A moisturing lip balmble lips become chapped lips.""]",A user says even his eyes hurt when reading,"[[""This could be a sign that you're eyes are straining too hard on the words, meaning that your eyes are out of focus. If you wear glasses, you might need a newer lens, if you don't, you should get your eyes checked out."", 'Due to error in accommodation of your eyes.  Consult an Opthalmologist.  You may require power glasses for your eyes.', 'You probaly need glasses. Go ask your eye docter or docter.', 'good question...mine hurt when i read too.']]"
SUGGESTION,['I havenstasincludes it done.'],"Regular eye check-ups are crucial for everyone, with the need for new glasses or a comprehensive eye examination being the primary considerations based on individual circumstances. Consulting an ophthalmologist is recommended.","[[""This could be a sign that you're eyes are straining too hard on the words, meaning that your eyes are out of focus. If you wear glasses, you might need a newer lens, if you don't, you should get your eyes checked out."", 'Due to error in accommodation of your eyes.  Consult an Opthalmologist.  You may require power glasses for your eyes.', 'You probaly need glasses. Go ask your eye docter or docter.', 'good question...mine hurt when i read too.']]"
SUGGESTION,['You may betons ----- you will have withdrawalsothose your body will have withdrawals'],"Consider colon cleansing as part of your hygiene routine, allowing ample time for the process. Expect mild cramping as your colon eliminates waste. It's not necessary frequently; once a week is sufficient and can become routine. Incorporate it into your hygiene rituals. Use only water for the process, ensuring it's not hot. Avoid alcohol-based substances as they can be dangerous, given the colon's absorbent nature. It's crucial to consult a health provider for guidance rather than relying solely on advice without questioning its validity.","[['something I wouldnt wish on anyone. Had one done with mineral oil once. It was the worst thing ever. The liquid was no big deal. Then about 30min later I had lower tummy pain. Then I had to use the bathroom frequently and I know I ruined a pair of underwear due to this procedure.', ""Think of it as part of your hygiene, and give yourself plenty of time.  Prepare for some mild cramping -- you colon is doing it's job as it eliminates.\n\nNo need for it often.  Once a week won't hurt.  You'll get used to it.  Work it into you hygiene rituals.\n\nWater is all you need, NOT HOT though.  NEVER use alcohol like subtances.  Death could result.  Colon is, of course, very absorbant.\n\nYou should check with a health provider rather than take anyone's word here without question."", 'pretty darn nasty.', ""I think he's a rapper : )"", 'it feels like SHIT. sorry for cussing.', ""i don't know but it sounds nasty"", 'it feels good just kidding']]"
EXPERIENCE,"['Colorado tick-lediffechestick fever is an acute viral infection, an acute viral infection transmitted viral infection transmitted by the bite of the bite of the bite of the bite of the Dermacentore of the Dermacentorecentor andersonicentor andersonidersoni tick.']","In users expereince, one individual describes a colon cleansing experience using mineral oil, expressing it as something they wouldn't wish on anyone. The liquid part of the procedure was initially manageable, but after about 30 minutes, they experienced lower abdominal pain. Subsequently, they had to use the bathroom frequently, and the process resulted in ruining a pair of underwear. The account conveys a negative and uncomfortable experience associated with the mentioned colon cleansing method.","[['something I wouldnt wish on anyone. Had one done with mineral oil once. It was the worst thing ever. The liquid was no big deal. Then about 30min later I had lower tummy pain. Then I had to use the bathroom frequently and I know I ruined a pair of underwear due to this procedure.', ""Think of it as part of your hygiene, and give yourself plenty of time.  Prepare for some mild cramping -- you colon is doing it's job as it eliminates.\n\nNo need for it often.  Once a week won't hurt.  You'll get used to it.  Work it into you hygiene rituals.\n\nWater is all you need, NOT HOT though.  NEVER use alcohol like subtances.  Death could result.  Colon is, of course, very absorbant.\n\nYou should check with a health provider rather than take anyone's word here without question."", 'pretty darn nasty.', ""I think he's a rapper : )"", 'it feels like SHIT. sorry for cussing.', ""i don't know but it sounds nasty"", 'it feels good just kidding']]"
INFORMATION,"[""sawihindermuche----------it is it iso-and-not dry kissing. But it'so----------but-and-Ishellas-wet'mo----t-----is-that--sexchangeso---and------so--the-and-and---and------o---o-and-and--and-------and--and-and-and---and------and---and-and-and--and-------and--and-and-and-and-and--and-------and--and-and-and-and-and--and-and-and---and--and-and-and-and-and--and-and-and-and-and--and-and-and-and-and--and-and-and-and-and--and-and-and-and-and--and-and-and-and-and--and-and-and-and-and--and-and-and-and-and--and-and-and-and-and--and-and-and-and-and--and-and-and-and-and--and-and-and-and-and--and-and-and-and-and--and-and-and-and-and--and-and-and-and-and--and-and-and-and-and--and-and-and-and-and-and--and-and-and-and-and-and--and-and-and-and-and-and-and-and-and-and-and-and-and-and-and-and-and-and-and-and-and-and-and-and-and-and-and-and-and-and-and-and-and-and-and-and-and-and-and-and-and-""]","For information purposes, armour™ Thyroid is a natural alternative for thyroid hormone replacement, particularly in cases of underactive or nonfunctioning thyroid, or when the thyroid has been partially or completely removed surgically, leading to hypothyroidism. Diagnosis is typically made by a physician, and traditional treatment involves thyroid hormone replacement. This includes prescription drugs like T4, T3, or a combination containing both. Armour™ Thyroid is one such medication, derived naturally and containing both T4 and T3. While other products are available with synthetic T4 and/or T3, Armour™ Thyroid offers a natural option for individuals requiring thyroid hormone replacement therapy.","[['Armour™ Thyroid—A natural replacement for thyroid hormone\nWhen a thyroid is either underactive, nonfunctioning, or has been all or partly surgically removed, you may be hypothyroid. The diagnosis is made by your physician. The traditional treatment for hypothyroidism is thyroid hormone replacement, which involves taking a prescription drug (T4, T3, or a combination product containing both T4 and T3) that acts similarly in the body to the human hormone thyroxine that the thyroid would normally produce. \nArmour™ Thyroid, one of several drugs available for the treatment of hypothyroidism, is a naturally derived thyroid replacement containing both T4 and T31. Other products are available which contain synthetic T4 and/or synthetic T3.', 'Sorry, I dont know']]"
INFORMATION,"['niiassotha ""DRUG is the main reason you don\'DRUG""DRUG is to stop poisoning\' is manufactured, they only use toxic chemicals from manufactured, they only use ""part of pharmaceutical companies, only use ""part"" of the main reason you ""part"" of the constituent that you need and experienced and the constituent that performs qualified practitioner to qualified practitioner to see you ""s to see you to see you through this transition"" you through this transition.']","For information purposes, scleroderma is a systemic disease that affects multiple organ systems. It prominently manifests in the skin, but it also impacts the gastrointestinal tract, respiratory, renal, cardiovascular, and genitourinary systems, along with various vascular structures. The symptoms arise from progressive tissue fibrosis and occlusion of microvasculature due to excessive production and deposition of types I and III collagens, as well as other macromolecules in connective tissue. Small arteries, arterioles, and capillaries are particularly prone to vascular alterations. The condition leads to structural defects in the small vessel cytoskeleton, causing collapse, and functional changes in tight junctions, allowing the endothelium to slip into the vessel lumen. Scleroderma is also known as a connective-tissue disorder and a rheumatic condition, characterized by the gradual tightening, thickening, and hardening of the skin, which loses its ability to stretch. Additionally, tiny blood vessels throughout the body may be affected, causing widespread damage to internal organs.","[[""From emedicine:  Scleroderma is a systemic disease that affects many organ systems. It is most obvious in the skin; however, the gastrointestinal tract, the respiratory, renal, cardiovascular, and genitourinary systems, as well as numerous vascular structures, are involved frequently. The symptoms result from progressive tissue fibrosis and occlusion of the microvasculature by excessive production and deposition of types I and III collagens. Other macromolecules found in the connective tissue (eg, glycosaminoglycans, tenascin, fibronectin) also are increased. The vascular alterations show a predilection for affecting the small arteries, arterioles, and capillaries. The small vessel cytoskeleton is affected by structural defects that lead to collapse. Next, the tight junctions become altered and are no longer functional, allowing the endothelium to slip into the vessel lumen.\n\nFrom webmd:  Scleroderma (pronounced SKLEER-oh-der-ma) is Greek for hard skin. It's classified as both a connective-tissue disorder and a rheumatic condition. In scleroderma, the skin gradually tightens and thickens or hardens. It loses its ability to stretch. Tiny blood vessels throughout the body also may be affected, causing widespread damage to the internal organs."", 'yes.\nscleroderma.\nwhy?']]"
INFORMATION,['a awna 80%'],"For information purposes, going to the doctor and doing an exercise stress test will allow the doctor to monitor everything that is happening from a cardio-pulmonary standpoint.","[['you need to take him to see the Doctor because its better to be safe then sorry.', 'could just be natural changes in circulation, or it could be ischemia (lack of oxygen) take him to your doctor and ask about an exercise stress test. This will recreate what happens when your child exercises so the doctor can monitor everything that is happening from a cardio-pulmonary standpoint.']]"
CAUSE,['Ia'],"Having a pale face with redness after exercise may be due to natural changes in circulation, or ischemia (lack of oxygen).","[['you need to take him to see the Doctor because its better to be safe then sorry.', 'could just be natural changes in circulation, or it could be ischemia (lack of oxygen) take him to your doctor and ask about an exercise stress test. This will recreate what happens when your child exercises so the doctor can monitor everything that is happening from a cardio-pulmonary standpoint.']]"
SUGGESTION,"[""<unk>''si...""]",It is suggested to go to a doctor and do an exercise stress test.,"[['you need to take him to see the Doctor because its better to be safe then sorry.', 'could just be natural changes in circulation, or it could be ischemia (lack of oxygen) take him to your doctor and ask about an exercise stress test. This will recreate what happens when your child exercises so the doctor can monitor everything that is happening from a cardio-pulmonary standpoint.']]"
SUGGESTION,"[""The patient'edosäily blurry.""]","To minimize the risk of disease, it is strongly recommended to maintain strict hand hygiene, especially after outings like supermarket visits, avoiding contact with frequently touched surfaces, and considering the use of gloves if necessary. High-risk areas include bathroom handles and shopping cart handles, known for harboring germs. Additionally, exercising regularly contributes to overall health and immune system strength. Quitting smoking is emphasized as a crucial step, acknowledging the associated health risks. A focus on consuming fresh vegetables and fruits is also highlighted as part of a healthy lifestyle to bolster immune function. Staying vigilant, adopting cleanliness measures, and making lifestyle changes can collectively contribute to reducing the risk of illness.","[[""WASH YOUR HANDS CONSTANTLY!!! Like when you come back from like the supermarket or someplace like that. Don't touch handles on like bathrooms (wear gloves if nesassary). These are some of the most highly places for getting sicknesses. Supermarket shopping carts are the most germ ridden things ever. Be careful and stay clean.:)"", '1- Eat fresh vigetables and fruits.\n2- Get much exercise.\n3- Quit smoking (if you do so).']]"
INFORMATION,"[""I have youwod awrre you need to see medyoe're a doctor ASAP! Any amount of a doctor NOW! Any amount of cancer is NOW! Any amount of cancer is a bad thing of cancer is a bad thing -- it is a serious thing -- it is a serious thing and warrants a serious thing and warrants medical intervention.""]","For information purposes, amlodipine besylate is the active ingredient in Norvasc and one of the compounds in Caduet, a combination pill that also includes Lipitor (atorvastatin calcium). Caduet is designed for individuals with both high blood pressure and high cholesterol, as it addresses cardiovascular health through two different pathways. By combining these compounds, Caduet aims to have an additive effect on overall cardiovascular health. The convenience of a combination pill simplifies treatment for patients who previously had to take two separate medications. Norvasc is the brand name for amlodipine besylate.","[['Amlodipine besylate is Norvasc, and is one of the two compounds in Caduet, a combniation pill that includes Norvasc (amlodipine besylate) and Lipitor (atorvastatin calcium).  The idea behind Caduet is that many people who have high blood pressure also have comorbid high cholesterol.  Since each compound helps treat cardiovascular disease by two different pathways, putting both compounds together may have an additive affect on total cardiovascular health.  Having a combination pill also simplifies treatment options for patients by taking 1 pill when they used to have to take two.', 'brand name for Amlodipine Besylate=NORVASC']]"
INFORMATION,['I have for ife if there is not found it is an accepted fact'],"Losing weight too rapidly, such as 10 pounds in 2 weeks, may involve shedding water and muscle along with fat. The recommended healthy weight loss is about 2 pounds per week, as each 3500 calories equate to 1 pound. To achieve gradual and sustainable weight loss, it's advised to consume around 1000 calories a day, ensuring a balanced intake of carbohydrates, fat, and protein based on individual factors like height and goal weight. Staying hydrated with at least 64 ounces of water daily, exercising for at least one hour four times a week, taking multivitamins, and incorporating green tea into the diet are suggested strategies. The ""K challenge,"" involving K cereal for two meals, is also mentioned as a potential method for weight loss.","[['the main thing is to eat less calories than you spend(...)\neach 3500 calories equals 1 pound, the maximum healthy weight loss is 2 pounds per week, but if you have lots of extra weight to lose when you go on a good diet it is so much possible you lose more than 2 pounds per week.\ngo on a diet in which you eat enough amounts of carbs, fat and proteine based on your height and goal weight, take multivitamins daily, drink at least 64 ounces water daily (the more the better), exercise for at least one hour 4 days a week, drink lots and lots of green tea( I believe it helps a lot), try the ""K challenge""--->have K cereal(original or red berries) for two meals (the instruction is on the box).\n\ntake a look at my answer to this question--->\n""What is the best diet plan need to lose 30 pounds?""\nyou might find it helpful.\n\ngood luck with your weight loss.', 'if u lose too fast you are losing water and muscle along with fat.  10lbs in 2 weeks is too fast.  But you can loose weight fast by sticking to 1000 calories a day. Excersize and drink lots of water.', ""just run a lot, up the mountian heck will do... or join wrestling, u can get sweat easily... just do anything to get sweat easily. laugh hard help.\n\ndont fast the food, u need energy.. eat something healthy, like salid but not add any dressing because of fat... avoid soda, they tend to eat up ur motive... dont drink diet soda ether because they'll make u wider.\n\nsleep early, people lose their weight in their sleep.""]]"
SUGGESTION,['I have asord'],"To achieve weight loss, it is recommended to engage in regular exercise, particularly activities that induce sweating, such as running or joining wrestling. Staying hydrated by drinking plenty of water is essential. While maintaining a healthy diet, including salads without high-fat dressings and avoiding soda, is encouraged, fasting is not advised as it deprives the body of necessary energy. Additionally, it's crucial to get sufficient sleep and establish a regular sleep routine for overall well-being.","[['the main thing is to eat less calories than you spend(...)\neach 3500 calories equals 1 pound, the maximum healthy weight loss is 2 pounds per week, but if you have lots of extra weight to lose when you go on a good diet it is so much possible you lose more than 2 pounds per week.\ngo on a diet in which you eat enough amounts of carbs, fat and proteine based on your height and goal weight, take multivitamins daily, drink at least 64 ounces water daily (the more the better), exercise for at least one hour 4 days a week, drink lots and lots of green tea( I believe it helps a lot), try the ""K challenge""--->have K cereal(original or red berries) for two meals (the instruction is on the box).\n\ntake a look at my answer to this question--->\n""What is the best diet plan need to lose 30 pounds?""\nyou might find it helpful.\n\ngood luck with your weight loss.', 'if u lose too fast you are losing water and muscle along with fat.  10lbs in 2 weeks is too fast.  But you can loose weight fast by sticking to 1000 calories a day. Excersize and drink lots of water.', ""just run a lot, up the mountian heck will do... or join wrestling, u can get sweat easily... just do anything to get sweat easily. laugh hard help.\n\ndont fast the food, u need energy.. eat something healthy, like salid but not add any dressing because of fat... avoid soda, they tend to eat up ur motive... dont drink diet soda ether because they'll make u wider.\n\nsleep early, people lose their weight in their sleep.""]]"
INFORMATION,['SUGHELPItaspaghrew.'],"Various oxygen drops, including those derived from sources like green algae and paw paw, are discussed in the context of potential natural remedies for cancer. The information suggests that these treatments, often made from mushrooms or similar substances, may be known in medical circles but are not widely acknowledged, possibly due to their lack of profitability for pharmaceutical companies. There's an assertion that the FDA places restrictions on these remedies, allowing them to be marketed as vitamins or health products without making claims about cancer on their labels. The text expresses skepticism towards chemotherapy, proposing alternative treatments like cesium chloride, combined with oxygen drops, as having a 90% success rate in curing certain stage 3 cancers. The general advice is to consider alternatives to chemotherapy, and pomegranate juice mixed with lime and orange juice is mentioned for potential immediate effects.","[['Please listen to me as I am only here to help. You have to do exactly as I say. Go to the website and look up CESIUM CHLORIDE AND OXYGEN DROPS. The other ones could be green algae and paw paw, etc etc. These medicines are known in the medical field, but they dont talk about it. Because these are natural remedies with no toxic chemicals in it. So, thats why they cant profit from it. If they cant profit, they dont sell. I mean, some are even made of mushrooms that you can grow anywhere. Why would they promote this? These doctors will never make money. So, the FDA has put a restriction on these remedies. They cannot say anything about cancer on their labels. They have to be sold as vitamins or health products. But, the website can tell you how to use it, and what cancers it can cure. See how they are suppressing the world? In fact these treatments can cure up to 90% of patients that doctors have already given up on. Chemo therapy is not a therapy. I would rather die then go through with that. They try to kill your cancer with chemicals and radiation. If they kill all your cancer before they kill all your body cells, then they consider you cured. But, what about after that? Your body is damaged and your health deteriorated. There is almost no recovery to this. How many people you know live past 5 years after chemo therapy? Not much if any at all. And compared to the masses, its almost nothing. What do you have to live with after chemo? Your body is not sunburned, its practically microwaved. CESIUM CHLORIDE can be taken with OXYGEN DROPS. Go to the websites. You can go to these websites and they will give a whole package for you to buy. You can take these medicines over the course of 3 months, a year, or whatever they prescribe. After your mom is feeling well, taking it for about 2 months or more, you can almost garauntee that you are cured. But, you have to listen to them and take it till they tell you to stop. They even cure certain 3rd stage cancers with a 90% success rate. But, time is of the essence so I urge you to buy it as soon as possible and take next day delivery or something. I wish you the best of luck in the future. But, heed my warning, do not go into chemo. They always tell you something fuzzy like, oh..you might live another 2 years, or you might die right away..etc etc....Then how do you decide? But, they always say that people who have been on chemo will only live a maximum of X years after that.  So, if you do exactly what I say, not only will you have a chance to survive, but all your friends that may get cancer...', 'without any responsibility, or liability, on my part , you have to enhance your imune system to fight the cancer once and for all, and improver the blood circulation in the capiliries. \nto that you have to drink as much as you can of the following;.\n\n2/3 (two thirds ) pommegranate juice, (best fresh or frozen)\n1/3 orange juice\n\na little bit of persian lime juice (mexican lime)  will do.\n\ntry it now and let me know, it should have immediate effect.']]"
SUGGESTION,['.emie...'],"For cancer, it is recommended to visit a specific website and explore the use of cesium chloride and oxygen drops. These websites offer comprehensive packages for purchase, and the suggested treatment duration may vary, lasting for three months, a year, or as prescribed. Following the treatment regimen for about two months or more is emphasized for potential effectiveness. Enhancing the immune system and improving blood circulation in the capillaries are highlighted as crucial aspects of the treatment. Additionally, the advice includes drinking a combination of 2/3 pomegranate juice (preferably fresh or frozen), 1/3 orange juice, and a small amount of Persian lime juice (Mexican lime). Following the instructions and continuing the treatment until advised to stop is emphasized for potential positive outcomes.","[['Please listen to me as I am only here to help. You have to do exactly as I say. Go to the website and look up CESIUM CHLORIDE AND OXYGEN DROPS. The other ones could be green algae and paw paw, etc etc. These medicines are known in the medical field, but they dont talk about it. Because these are natural remedies with no toxic chemicals in it. So, thats why they cant profit from it. If they cant profit, they dont sell. I mean, some are even made of mushrooms that you can grow anywhere. Why would they promote this? These doctors will never make money. So, the FDA has put a restriction on these remedies. They cannot say anything about cancer on their labels. They have to be sold as vitamins or health products. But, the website can tell you how to use it, and what cancers it can cure. See how they are suppressing the world? In fact these treatments can cure up to 90% of patients that doctors have already given up on. Chemo therapy is not a therapy. I would rather die then go through with that. They try to kill your cancer with chemicals and radiation. If they kill all your cancer before they kill all your body cells, then they consider you cured. But, what about after that? Your body is damaged and your health deteriorated. There is almost no recovery to this. How many people you know live past 5 years after chemo therapy? Not much if any at all. And compared to the masses, its almost nothing. What do you have to live with after chemo? Your body is not sunburned, its practically microwaved. CESIUM CHLORIDE can be taken with OXYGEN DROPS. Go to the websites. You can go to these websites and they will give a whole package for you to buy. You can take these medicines over the course of 3 months, a year, or whatever they prescribe. After your mom is feeling well, taking it for about 2 months or more, you can almost garauntee that you are cured. But, you have to listen to them and take it till they tell you to stop. They even cure certain 3rd stage cancers with a 90% success rate. But, time is of the essence so I urge you to buy it as soon as possible and take next day delivery or something. I wish you the best of luck in the future. But, heed my warning, do not go into chemo. They always tell you something fuzzy like, oh..you might live another 2 years, or you might die right away..etc etc....Then how do you decide? But, they always say that people who have been on chemo will only live a maximum of X years after that.  So, if you do exactly what I say, not only will you have a chance to survive, but all your friends that may get cancer...', 'without any responsibility, or liability, on my part , you have to enhance your imune system to fight the cancer once and for all, and improver the blood circulation in the capiliries. \nto that you have to drink as much as you can of the following;.\n\n2/3 (two thirds ) pommegranate juice, (best fresh or frozen)\n1/3 orange juice\n\na little bit of persian lime juice (mexican lime)  will do.\n\ntry it now and let me know, it should have immediate effect.']]"
INFORMATION,"[""I have you'simmeses.""]",If a man exchanges fluids with another man that has hIV they can get it too because blood and semen can carry it but saliva infection rate is liw.,"[['only if they man had hiv to begin with and if it was blood or seman, infection is highly possible.  saliva infection rate is very low.', 'why would you not of picked that as your best answer? Its been 3 dang months?']]"
INFORMATION,['I have alounselacrofincludesoooo'],"For information purposes, all foods in moderation are allowed","[[""Yes, actually I am a member of Weight Watchers and that is part of their teaching.  All foods are allowed in moderation.  I have done very well on the program, I like it for that reason.  I couldn't enviosion myself drinking 2 shakes and 1 balanced meal everyday for the rest of my life."", 'six little meals a day, always eat breakfast and eat wat u like within reason, use common sense of course. dont have cheesecake and ice cream 6 times a day.']]"
SUGGESTION,['nemimmev.'],Eat six small meals a day always have breakfast and enjoy foods you like in moderation.  Avoid having indulgent treats like cheesecake and ice cream for every meal.,"[[""Yes, actually I am a member of Weight Watchers and that is part of their teaching.  All foods are allowed in moderation.  I have done very well on the program, I like it for that reason.  I couldn't enviosion myself drinking 2 shakes and 1 balanced meal everyday for the rest of my life."", 'six little meals a day, always eat breakfast and eat wat u like within reason, use common sense of course. dont have cheesecake and ice cream 6 times a day.']]"
EXPERIENCE,['I havenstas aunt had Tourette'],"In users expereince, one user is a Weight Watchers says that all foods are allowed in moderation, and they have succeeded on the program without having to limit themself to shakes. They appreciate the flexibility and couldn't imagine a long-term diet of just shakes and one meal a day.","[[""Yes, actually I am a member of Weight Watchers and that is part of their teaching.  All foods are allowed in moderation.  I have done very well on the program, I like it for that reason.  I couldn't enviosion myself drinking 2 shakes and 1 balanced meal everyday for the rest of my life."", 'six little meals a day, always eat breakfast and eat wat u like within reason, use common sense of course. dont have cheesecake and ice cream 6 times a day.']]"
EXPERIENCE,['Decideficikuse mucusive.'],"In users expereince, one individual's ex father in law and blood in their poop and had hernia after seining doctor.","[['I think it means you need to see a health care physician. Now for real... my exfather in law had this problem and seen a doctor and come to find out he had a hernia.', ""Rectal bleeding has many causes including hemorrhoids, Crohn's Disease, fissures, peptic ulcer disease, polyps, amongst other reasons. Most rectal bleeding comes from the colon, rec-tum, or an-us. The color of the blood often depends on the location of the bleeding in the gastrointestinal tract. The closer the bleeding site is to the an-us, the blood will be a brighter red. Bleeding from the transverse colon and the right colon tend to be dark red or maroon colored. It would be best to see your doctor to determine what the exact cause may be.""]]"
SUGGESTION,['sestinflamestyes'],It is suggested to see a health care physician.,"[['I think it means you need to see a health care physician. Now for real... my exfather in law had this problem and seen a doctor and come to find out he had a hernia.', ""Rectal bleeding has many causes including hemorrhoids, Crohn's Disease, fissures, peptic ulcer disease, polyps, amongst other reasons. Most rectal bleeding comes from the colon, rec-tum, or an-us. The color of the blood often depends on the location of the bleeding in the gastrointestinal tract. The closer the bleeding site is to the an-us, the blood will be a brighter red. Bleeding from the transverse colon and the right colon tend to be dark red or maroon colored. It would be best to see your doctor to determine what the exact cause may be.""]]"
INFORMATION,"[""yes or limeasothose are they's canker soresn'ren'ts aren't.""]","Rectal bleeding can have various causes, such as hemorrhoids, Crohn's Disease, fissures, peptic ulcer disease, polyps, among others. The color of the blood is often indicative of the bleeding site in the gastrointestinal tract, with brighter red blood closer to the anus and darker red or maroon-colored blood from the transverse colon and right colon. Seeking medical attention is crucial for accurate diagnosis and appropriate treatment.","[['I think it means you need to see a health care physician. Now for real... my exfather in law had this problem and seen a doctor and come to find out he had a hernia.', ""Rectal bleeding has many causes including hemorrhoids, Crohn's Disease, fissures, peptic ulcer disease, polyps, amongst other reasons. Most rectal bleeding comes from the colon, rec-tum, or an-us. The color of the blood often depends on the location of the bleeding in the gastrointestinal tract. The closer the bleeding site is to the an-us, the blood will be a brighter red. Bleeding from the transverse colon and the right colon tend to be dark red or maroon colored. It would be best to see your doctor to determine what the exact cause may be.""]]"
INFORMATION,['Theor asesssinclude the part of summary'],"For information purposes, the development of abdominal definition is influenced by various factors, with diet and calorie balance being primary determinants. Achieving a caloric deficit, where you burn more calories than you consume, is essential for weight loss and visible abdominal muscles. Genetic factors also contribute to the ease or difficulty of achieving defined abs, as family traits can influence body composition. Additionally, individual fitness levels and overall body shape play a role. For instance, a well-developed chest can impact the perception of waist size. Engaging in a combination of targeted exercises, maintaining a healthy diet, and considering genetic predispositions are key elements in sculpting and revealing abdominal definition.","[['First, you should stick with crunches..they are less stressful on your back and focus more on the correct muscles. Then, if you cut out all fat from your diet and limit your caloric intake, you will see results in 3 - 4 weeks. That is, if you are doing a serious ab routinue of at least 25 minutes/day (with 1 day off a week).\nIf you have a not-so-healthy eating lifestyle, doing sit ups will not help and you will most likely not see any results unless you are doing a complete ab workout (obliques, crunches, roman chair, scissors, leg lifts, etc.) for at least 2 hours/day. \nThe best way is to cut fat (soda, junk food are the easiest) and gradually build into a harder and harder workout where you start at 3 sets of 30 sit ups for a week and add one set and 10 reps per set every week. In ten weeks, you will have a solid workout that will produce very good results. With every workout routine, you should be doing a cardio-vascular exercise (running, biking, brisk walking) to burn calories. And always consult a doctor for the proper workout schedule for your age and body type.', ""It really depends on your diet.  If you are burning more calories during the day than you consume, you will lose weight (to a point), and eventually see abdominal definition.  Genetics also play a significant role on how hard you will have to work (look at family members).  It also depends on how good a shape you're already in, and what other exercises you're doing.  For example, if you have a huge chest, the sheer circumference difference will make your waist look smaller.""]]"
SUGGESTION,['I haven asordin'],"To sculpt your abs effectively, prioritize crunches over sit-ups as they are gentler on the back and target the muscles more precisely. Combine this with a dietary approach focused on cutting out fat and reducing caloric intake. Significant results can be visible in 3-4 weeks, especially when complemented by a dedicated ab routine lasting at least 25 minutes a day, with one day off per week. For those with an unhealthy eating lifestyle, a comprehensive ab workout involving obliques, crunches, roman chair exercises, scissors, leg lifts, etc., for at least 2 hours a day is recommended. Gradually intensify the workout, starting with 3 sets of 30 sit-ups per week and adding one set and 10 reps per set weekly over ten weeks. Include cardiovascular exercises like running or brisk walking to burn calories, and always consult a doctor for a suitable workout schedule based on your age and body type.","[['First, you should stick with crunches..they are less stressful on your back and focus more on the correct muscles. Then, if you cut out all fat from your diet and limit your caloric intake, you will see results in 3 - 4 weeks. That is, if you are doing a serious ab routinue of at least 25 minutes/day (with 1 day off a week).\nIf you have a not-so-healthy eating lifestyle, doing sit ups will not help and you will most likely not see any results unless you are doing a complete ab workout (obliques, crunches, roman chair, scissors, leg lifts, etc.) for at least 2 hours/day. \nThe best way is to cut fat (soda, junk food are the easiest) and gradually build into a harder and harder workout where you start at 3 sets of 30 sit ups for a week and add one set and 10 reps per set every week. In ten weeks, you will have a solid workout that will produce very good results. With every workout routine, you should be doing a cardio-vascular exercise (running, biking, brisk walking) to burn calories. And always consult a doctor for the proper workout schedule for your age and body type.', ""It really depends on your diet.  If you are burning more calories during the day than you consume, you will lose weight (to a point), and eventually see abdominal definition.  Genetics also play a significant role on how hard you will have to work (look at family members).  It also depends on how good a shape you're already in, and what other exercises you're doing.  For example, if you have a huge chest, the sheer circumference difference will make your waist look smaller.""]]"
INFORMATION,['It is good for asunt is suggested'],"Baking soda, baby powder, and air freshener can help reduce the smell of shoes/ Bacteria that causes the bad smell can not survive in freezing temperatures that is why they smell worse in the summer.","[[""Try this...Put them in a zip lock bag and then in the freezer...yes the freezer.....Bacteria that causes the bad smell can't live in freezing temperatures.....thats why the smell of sneakers and shoes is worse in the summer...Try it ..!!!   Works for sneakers and house slippers too..."", 'baking soda and baby powder.', 'Place them in sun light after use for sometime..... the best ....', 'air freshner']]"
SUGGESTION,['-iiassunte.'],"To tackle unpleasant odors in sneakers, shoes, or house slippers, a suggested method is to place them in a zip-lock bag and then into the freezer. The rationale is that freezing temperatures prevent the bacteria responsible for bad smells from surviving. This approach is recommended, particularly during the summer when the smell tends to worsen. Additionally, exposing the footwear to sunlight after use is advised. Trying this method may help effectively address and eliminate undesirable odors, making it a practical solution for maintaining freshness in various types of footwear.","[[""Try this...Put them in a zip lock bag and then in the freezer...yes the freezer.....Bacteria that causes the bad smell can't live in freezing temperatures.....thats why the smell of sneakers and shoes is worse in the summer...Try it ..!!!   Works for sneakers and house slippers too..."", 'baking soda and baby powder.', 'Place them in sun light after use for sometime..... the best ....', 'air freshner']]"
INFORMATION,['theor astaduring the last week of summary to the last week of week of pregnancy.'],"For information purposes, gum, made mostly out of latex is indigestible and will stay in your system longer than most foods but will pass right out after.","[['Chewing gum, made mostly out of latex, is indigestible.  It will stay in your system a little longer than most foods, but it will pass right out.  Usually in much the same form it went in with :o)', 'Longer than time itself. In 100 years you will be a pile of bones and chewing gum.']]"
INFORMATION,['Go to 1staswell.'],"When protein is detected in a urine test, it signals the need for further investigation into an individual's health status. The test, which can be conveniently conducted at home, reveals protein levels within a normal range of 0-150 mg/dl, with values exceeding 150 mg/dl considered abnormal. These abnormal levels may indicate proteinuria, a condition with both benign and pathological causes. Benign factors include postural changes, excessive exercise, temperature variations, and pregnancy, while pathological causes involve conditions like renal issues and cardiac insufficiency. Additional assessments, including specific gravity, white blood cell count, nitrites, pH, and hemoglobin levels, are crucial when protein is found in urine. The protein urine test strip, utilizing a pH indicator sensitive to albumin, provides insights into health status and potential concerns, allowing for timely intervention and management.","[['Protein in urine\nWhen protein is found during a urine test, further investigation is required to ascertain your true health status. Using a urine test is a quick and inexpensive way to check for protein in your urine, and is one of our test kit products that can be done in the privacy of your home.\n\nNormal protein range in urine\n0 - 150 mg/dl \n\nMeasuring range \n0 - > 2000 mg/dl \n\nProtein levels in urine \nabnormal value - greater than 150 mg/dl. \n\nAbnormal protein values may indicative of \nProteinuria may be benign or pathological \n\nBenign proteinuria \n\npostural \n\nexcessive exercise \n\nhigh or low temperature \n\nduring pregnancy \n\nPathological proteinuria \n\nExternal \n\ncolic \n\nliver cirrhosis \n\nplasmacytoma \n\ncardiac insufficiency \n\nRenal \n\npyelonephritis \n\nglomerulonephritis \n\nFurther action required if protein is found in urine\ncheck your urine for \n\nspecific gravity \n\nleucocytes/white blood cells \n\nnitrites \n\npH \n\nblood/hemoglobin (haemoglobin) \n\nOur protein urine test strip\nThe test incorporates a pH indicator which changes color in the presence of protein. \n\nAny green color that develops is due to the presence of protein. \n\nThe test is highly sensitive to albumin, and less sensitive to hemoglobin (haemoglobin), globulin and mucoprotein. \n\nNormal urine of high specific gravity may cause higher than normal readings, as will highly buffered urine, alkaline urine (equal or larger than 9) and urine containing residues of chlorhexidine or quaternary ammonia compounds. \n\nSensitivity: 10 mg/dl albumin \n\nActive reagent: tetrabromophenol blue (1% w/w).', 'very informative answer above', 'dontforgettotakeyourvitamins.com/larry']]"
SUGGESTION,['ailaveinclude the ANTIt'],It is suggested to ask a doctor if you have a cyst.,[['ask a doctor.']]
INFORMATION,['You might betonsordoh'],"Cleidocranial dysplasia is a genetic disorder in which the fontanels don't close or do so very lately in infancy , absence of  clavicles, late eruption of teeth, curved feet and other skeletal anomalies","[['You can find more info about this at these links\nhttp://www.faces-cranio.org/Disord/CCD.htm\nhttp://www.medicinenet.com/cleidocranial_dysplasia/article.htm', 'http://dontforgettotakeyourvitamins.com/love10603']]"
INFORMATION,"['This is asidl. About 3 hours after 12 hours after 12 hours after eating a normal meal,normal sugar levels of a normal sugar levels should be around 120-normal sugar levels should be around 120-150']","Yes, cancer patients benefit from positive support during treatment. While it may be challenging, having a supportive environment is crucial. It's important that those around the patient don't treat them as delicate or incapable. Maintaining a sense of normalcy and staying active can contribute to better coping with the challenges of cancer treatment.","[[""Yes they do.  It may be difficult during treatment, but positive support helps tremendously.  It helps a lot if the people around don't act like the person is delicate or inable.\n\nLife can be quite normal."", ""yes the more active you are the better your body cope's with it""]]"
INFORMATION,['Leukiaillustrestrained proliferation of various acute or chronic leukemia of white blood cells'],"For information purposes, a hiatal hernia is a type of hernia that occurs at the opening of the diaphragm where the esophagus joins the stomach. When the muscle around this opening becomes weak, the upper part of the stomach can bulge through the diaphragm. While small hiatal hernias may not cause noticeable symptoms, larger ones can lead to heartburn, indigestion, and chest pain. Treatment options include medications, diet changes, and, in some cases, surgery like the Nissen operation, where the opening is closed after pulling back the organs into the abdomen using laparoscopic techniques.","[[""Hiatal Hernias\nThis type of hernia occurs at the opening of the diaphragm where the esophagus (the pipe that food travels down) joins the stomach. If the muscle around the opening to the diaphragm becomes weak, the uppermost part of a person's stomach can bulge through the diaphragm. Hiatal (pronounced: high-a-tul) hernias are common, although small ones don't usually cause any symptoms. Unlike the other types of hernia, you won't be able to see a bulge on the outside of your body, but you might feel heartburn, indigestion, and chest pain. Hiatal hernias can be treated with medication and diet changes, but they do sometimes require surgery."", 'drugs or Nissen operation (they close the opening after pulling back the organs into the abdomen using laparoscopic techniques)']]"
INFORMATION,['Yes'],"For information purposes, a new natural product called AIRBORNE, created by a second-grade teacher, has emerged in the market. It's suggested to use it at the onset of symptoms. If you're taking thyroid medication and have a cold, consider asking a healthcare professional for safe options suitable for your condition.","[['try ""cold-eez"" \nthey are like cough drops that you suck on and make your nose less stuffy make you stop coughing etc.', 'A few years ago, a new natural product hit the market. It\'s called AIRBORNE and was developed by a second-grade teacher. It is amazing. It is best to take it when you first notice symptoms.  I have used it several times with excellent results. I have also given it to my family members and they too have had their ""cold time"" greatly reduced.\n\nI also take 1000 mg C in the morning and another dose 12 hours later.\n\nhttp://www.airbornehealth.com/main.html']]"
SUGGESTION,"['saemimmoj) Get plenty of rest and Zicam, LOTSle']","You could try ""Cold-EEZE"" lozenges for your cold. They're similar to cough drops and can help clear a stuffy nose and reduce coughing. Another option is ""Airborne,"" which may alleviate cold symptoms. However, it's essential to consult a doctor or pharmacist to ensure these medications are safe to use with your thyroid medicine.","[['try ""cold-eez"" \nthey are like cough drops that you suck on and make your nose less stuffy make you stop coughing etc.', 'A few years ago, a new natural product hit the market. It\'s called AIRBORNE and was developed by a second-grade teacher. It is amazing. It is best to take it when you first notice symptoms.  I have used it several times with excellent results. I have also given it to my family members and they too have had their ""cold time"" greatly reduced.\n\nI also take 1000 mg C in the morning and another dose 12 hours later.\n\nhttp://www.airbornehealth.com/main.html']]"
EXPERIENCE,"[""senstasi don'I don'""]","In users expereince, one user recommends using Airborne for colds, having experienced positive results personally and among their family members. They also supplement with 1000 mg of Vitamin C in the morning and another dose 12 hours later.","[['try ""cold-eez"" \nthey are like cough drops that you suck on and make your nose less stuffy make you stop coughing etc.', 'A few years ago, a new natural product hit the market. It\'s called AIRBORNE and was developed by a second-grade teacher. It is amazing. It is best to take it when you first notice symptoms.  I have used it several times with excellent results. I have also given it to my family members and they too have had their ""cold time"" greatly reduced.\n\nI also take 1000 mg C in the morning and another dose 12 hours later.\n\nhttp://www.airbornehealth.com/main.html']]"
INFORMATION,"[""I have it'siiing through mena""]","For information purposes, an individual has experienced chronic heartburn and, though not a medical professional, shares advice received from their doctor that has proven effective. For immediate relief, the gastroenterologist recommended Maalox over Pepto Bismol, citing concerns about potential long-term stomach irritation with the latter. For ongoing management, Priolosec was suggested. Another key recommendation is to cease eating at least three hours before bedtime, as reclining with a full stomach can aggravate the esophagus. The avoidance of soda or alcohol before sleep is emphasized. It is also advised to limit the intake of alcohol, caffeine, carbonated beverages, spicy foods, acidic foods, and aspirin or similar medications. While adhering to the last recommendation may be challenging, consistent adherence to the first two has significantly alleviated the individual's heartburn symptoms, allowing some flexibility with dietary restrictions.","[[""I've had chronic heartburn, and though I'm not a doctor, I'm sharing with you advice my doctor has given me (and what has worked!)\n\n1.  For immediate relief, use Maalox.  Avoid Pepto Bismol, as it has something that irritates the stomach long term (my gastroenterologist told me that!).  For longer term use, use Priolosec.\n\n2.  Stop eating at least 3 hours before you get in bed.  A reclining position with food in your stomach irritates the esophogus.  You would be AMAZED at how much this helps.  Soda or alcohol before sleep is the WORST!\n\n3.  Limit intake of:  Alcohol, Caffience, Carbonated beverages, spicy foods, acidic foods, aspirin (or advil, motrin).   Honestly, I can't stick to this one -- but I've been pretty good keeping #1 and #2, and it's kept my heart burn at bay.  Be good keeping 1 & 2 and you can cheat on 3 -- at least, that's worked for me.\n\nGood luck!"", 'i drink milk and my heartburn goes away. i have never taken medicine for heartburn when i get it.', ""If your heartburn is persistant and regular, I'd suggest seeing a Dr. You may suffer from acid reflux and there are many drugs on the market for it. I've found that prevacid is the ONLY one that works for me, but your Dr. may want you to try some of the least expensive ones first. On the other hand, if it is infrequent, it may just be caused by some foods that you eat. I'd try to compare times when I had it with the foods I was eating and if you can narrow it down, simply avoid those foods or be sure to take something BEFORE you eat these foods, to ward it off. Hope this is helpful.""]]"
CAUSE,"[""I have youwasordin'In user've""]",Heart burn may be due to the food we eat.,"[[""I've had chronic heartburn, and though I'm not a doctor, I'm sharing with you advice my doctor has given me (and what has worked!)\n\n1.  For immediate relief, use Maalox.  Avoid Pepto Bismol, as it has something that irritates the stomach long term (my gastroenterologist told me that!).  For longer term use, use Priolosec.\n\n2.  Stop eating at least 3 hours before you get in bed.  A reclining position with food in your stomach irritates the esophogus.  You would be AMAZED at how much this helps.  Soda or alcohol before sleep is the WORST!\n\n3.  Limit intake of:  Alcohol, Caffience, Carbonated beverages, spicy foods, acidic foods, aspirin (or advil, motrin).   Honestly, I can't stick to this one -- but I've been pretty good keeping #1 and #2, and it's kept my heart burn at bay.  Be good keeping 1 & 2 and you can cheat on 3 -- at least, that's worked for me.\n\nGood luck!"", 'i drink milk and my heartburn goes away. i have never taken medicine for heartburn when i get it.', ""If your heartburn is persistant and regular, I'd suggest seeing a Dr. You may suffer from acid reflux and there are many drugs on the market for it. I've found that prevacid is the ONLY one that works for me, but your Dr. may want you to try some of the least expensive ones first. On the other hand, if it is infrequent, it may just be caused by some foods that you eat. I'd try to compare times when I had it with the foods I was eating and if you can narrow it down, simply avoid those foods or be sure to take something BEFORE you eat these foods, to ward it off. Hope this is helpful.""]]"
EXPERIENCE,['iiiknasi..'],"In users experience, an individual experiences relief from heartburn by drinking milk and has never used medication for this condition. Another Individual has found that Prevacid is the only medication that effectively works for them. They suggest that others consult their doctor, who might recommend trying some of the more affordable over-the-counter options before exploring specific prescriptions like Prevacid.","[[""I've had chronic heartburn, and though I'm not a doctor, I'm sharing with you advice my doctor has given me (and what has worked!)\n\n1.  For immediate relief, use Maalox.  Avoid Pepto Bismol, as it has something that irritates the stomach long term (my gastroenterologist told me that!).  For longer term use, use Priolosec.\n\n2.  Stop eating at least 3 hours before you get in bed.  A reclining position with food in your stomach irritates the esophogus.  You would be AMAZED at how much this helps.  Soda or alcohol before sleep is the WORST!\n\n3.  Limit intake of:  Alcohol, Caffience, Carbonated beverages, spicy foods, acidic foods, aspirin (or advil, motrin).   Honestly, I can't stick to this one -- but I've been pretty good keeping #1 and #2, and it's kept my heart burn at bay.  Be good keeping 1 & 2 and you can cheat on 3 -- at least, that's worked for me.\n\nGood luck!"", 'i drink milk and my heartburn goes away. i have never taken medicine for heartburn when i get it.', ""If your heartburn is persistant and regular, I'd suggest seeing a Dr. You may suffer from acid reflux and there are many drugs on the market for it. I've found that prevacid is the ONLY one that works for me, but your Dr. may want you to try some of the least expensive ones first. On the other hand, if it is infrequent, it may just be caused by some foods that you eat. I'd try to compare times when I had it with the foods I was eating and if you can narrow it down, simply avoid those foods or be sure to take something BEFORE you eat these foods, to ward it off. Hope this is helpful.""]]"
SUGGESTION,['noe and lycopen there are tomatoes pose no cancer risk tomatoes pose no cancer risk no cancer risk themselves'],"For immediate relief from heartburn, the recommendation is to use Maalox, with a caution against Pepto Bismol due to potential long-term stomach irritation, as advised by a gastroenterologist. For extended use, Priolosec is suggested. Additionally, It is suggested to refrain from eating at least three hours before bedtime, as a reclining position with a full stomach can irritate the esophagus, with specific emphasis on avoiding soda or alcohol before sleep. The individual recommends limiting the intake of alcohol, caffeine, carbonated beverages, spicy and acidic foods, as well as aspirin or similar medications. If heartburn persists, the suggestion is to consult a doctor, as it could indicate acid reflux. The individual advises identifying and avoiding specific trigger foods or taking preventive measures before consuming them to alleviate symptoms.","[[""I've had chronic heartburn, and though I'm not a doctor, I'm sharing with you advice my doctor has given me (and what has worked!)\n\n1.  For immediate relief, use Maalox.  Avoid Pepto Bismol, as it has something that irritates the stomach long term (my gastroenterologist told me that!).  For longer term use, use Priolosec.\n\n2.  Stop eating at least 3 hours before you get in bed.  A reclining position with food in your stomach irritates the esophogus.  You would be AMAZED at how much this helps.  Soda or alcohol before sleep is the WORST!\n\n3.  Limit intake of:  Alcohol, Caffience, Carbonated beverages, spicy foods, acidic foods, aspirin (or advil, motrin).   Honestly, I can't stick to this one -- but I've been pretty good keeping #1 and #2, and it's kept my heart burn at bay.  Be good keeping 1 & 2 and you can cheat on 3 -- at least, that's worked for me.\n\nGood luck!"", 'i drink milk and my heartburn goes away. i have never taken medicine for heartburn when i get it.', ""If your heartburn is persistant and regular, I'd suggest seeing a Dr. You may suffer from acid reflux and there are many drugs on the market for it. I've found that prevacid is the ONLY one that works for me, but your Dr. may want you to try some of the least expensive ones first. On the other hand, if it is infrequent, it may just be caused by some foods that you eat. I'd try to compare times when I had it with the foods I was eating and if you can narrow it down, simply avoid those foods or be sure to take something BEFORE you eat these foods, to ward it off. Hope this is helpful.""]]"
INFORMATION,"[""I' lovemaking her idovy'.""]","Bee proplis is what bees use to disinfect the hive from bacteria, it is said to be the most sterile environment there is.","[[""BEE PROPOLIS,I HEARD WILL WORK PRETTY GOOD.IT IS WHAT BEE'S USE TO DISINFECT THE HIVE TO KEEP IT FREE FROM BACTERIA,ETC.THEY SAY IT'S THE MOST STERILE INVIRONMENT THERE IS.I BELIEVE IT'S OMEGA-3'S THAT WORKS REAL WELL TOO.""]]"
EXPERIENCE,"[""Said'esi. Almost all plastic surgeon't'dothose plastic surgeons have payment plan options.""]",Someone has heard that bee propolis works very well similar to OMEGA-3's.,"[[""BEE PROPOLIS,I HEARD WILL WORK PRETTY GOOD.IT IS WHAT BEE'S USE TO DISINFECT THE HIVE TO KEEP IT FREE FROM BACTERIA,ETC.THEY SAY IT'S THE MOST STERILE INVIRONMENT THERE IS.I BELIEVE IT'S OMEGA-3'S THAT WORKS REAL WELL TOO.""]]"
SUGGESTION,['Get overusestasor try nail polish.'],It is suggested to schedule an ultrasound to see if you have gallstones or a problem with your gallbladder itself.,"[['i had gall stones while i was pregnant with my first child. I felt like i could not breath and that someone was wrapping a belt around my ribs and pulling as hard as they could. This is very serious! I had to have an ultrasound to find the problem. and had my gall bladder removed. if you think you have this problem i would suggest seeing your doctor and telling them your concerns.', 'if you vomit for no apparent reason after eating, you may have gallstones.  See your doctor so he can schedule an ultrasound to see if you have gallstones or if the problem is with your gall bladder itself.  I had gall stones 2 years ago and had them and my gall bladder removed.']]"
CAUSE,"[""-ns on theordina website on 90% more likely dor, and its meaning of dreams are we forget our subconscious. just take that we forget our dreams. try dreams central, as. it'sesimply, and it's the domain of dreaming that's the domain of the subconscious. just takes that domain of the subconscious. just take that g the subconscious. just take that ginkos. take that ginko biloba that ginko biloba, and forget about bilobaloba, and forget about that dreaming, and forget about that dreaming thing.""]",Vomiting for no reason may be due to gallstones.,"[['i had gall stones while i was pregnant with my first child. I felt like i could not breath and that someone was wrapping a belt around my ribs and pulling as hard as they could. This is very serious! I had to have an ultrasound to find the problem. and had my gall bladder removed. if you think you have this problem i would suggest seeing your doctor and telling them your concerns.', 'if you vomit for no apparent reason after eating, you may have gallstones.  See your doctor so he can schedule an ultrasound to see if you have gallstones or if the problem is with your gall bladder itself.  I had gall stones 2 years ago and had them and my gall bladder removed.']]"
EXPERIENCE,"['Yes, lisasinhibilisinhibitinopril (sinopril (s (sp) is angioten sp) is an angiotensp) is an angiotensin converting agiotensin converting enzzyme converting converting enzzyme (angiotensenzzyme (an ACE)me (ACE) inhibitor) ) inhibitor']","Two individuals share their experiences with gallstones. The first person recounts having gallstones during their first pregnancy, describing intense pain resembling pressure on the ribs and difficulty breathing. The issue was diagnosed through an ultrasound, leading to the removal of the gallbladder. The individual advises seeking medical attention if similar concerns arise. The second person shares that they had gallstones two years ago, undergoing gallstone and gallbladder removal. Both stories highlight the severity of gallstone-related symptoms and the importance of consulting a doctor for proper diagnosis and treatment.","[['i had gall stones while i was pregnant with my first child. I felt like i could not breath and that someone was wrapping a belt around my ribs and pulling as hard as they could. This is very serious! I had to have an ultrasound to find the problem. and had my gall bladder removed. if you think you have this problem i would suggest seeing your doctor and telling them your concerns.', 'if you vomit for no apparent reason after eating, you may have gallstones.  See your doctor so he can schedule an ultrasound to see if you have gallstones or if the problem is with your gall bladder itself.  I had gall stones 2 years ago and had them and my gall bladder removed.']]"
SUGGESTION,['Yes'],"It is suggested that adopting a healthy eating regimen is crucial for effective weight management. The advice recommends incorporating nutrient-rich foods such as fruits, vegetables, and whole grains, while avoiding starches and sugars that can stimulate insulin production and lead to fat storage. The synergy of a balanced diet and regular exercise is emphasized as the most effective strategy for weight loss, with exercise boosting metabolism and muscle development. The guidance also encourages consuming smaller, more frequent meals to prevent the body from interpreting it as starvation and storing fat. An alternative approach involves the ""rice diet,"" limiting daily calorie intake to approximately 1200 calories through a cup of rice and a piece of fruit per meal, potentially resulting in significant weight loss within a week. For those seeking a more drastic measure, eliminating sugar entirely is proposed, with personal success shared in avoiding white flour and high-sugar content products. The overarching message underscores the importance of mindful food choices, prioritizing nutrient density over energy density, and advocating for a balanced and sustainable approach to healthy eating habits.","[[""I believe diets alone don't work. You need to eat healthy food, fruit, vegetables, whole grains,(no white bread or sugars). Starches and sugars make your pancreas produce insulin. when that happens your body starts to store fat.\nDiet and exercise together will produce the best weight loss. Exercise increases your metabolism, burning more calories. It builds muscle which also burns more calories.\nTry to eat small meals several times a day in stead of 3 large meals. The body will not think you are starving and store fat."", 'Try the rice diet. A cup of rice at meal times, and one piece of fruit (any kind) w/each meal. It is about 1200 calories a day. Do it for a week, and you will see great weight loss. If you cheat, it will take longer naturally. Diet soda, tea is all okay. Then follow healthy eating habits or you will gain lbs. back.', ""I fear what you really may be asking. But I agree, eating a balanced diet is that absolute best way to go. If you want to do somthing drastic, stop eating sugar all together. I lost 21pounds from not eating white flour and products with sugar content in the 4th ingrediant or higher. I didn't exsersize, but remember this it takes 1500 calories to gain or loose a pound and a calorie is a calorie so, eat foods that are nutrient dense vs. foods that are energy dence(high fat) you can eat more that way. \ncarbs(like in oatmeal, bread) and Protien(meats and cheese) have 4calories per gram of food and fat, has 9 calories per gram of food. That's twice as much calories in 1 gram of food, choose wisely. good luck.""]]"
INFORMATION,"[""<unk>'eseremeat less meat.""]","For information purposes, smoking is highlighted as detrimental not only to both individuals involved but also to their children, influencing the example of appropriate behavior for a father and impacting various other aspects. The act of smoking is characterized as selfish and costly. Despite these concerns, there is a positive note expressed in the desire for the individual to quit smoking before getting married, indicating a commitment to a healthier lifestyle and relationship.","[['He surely need to quit...as smoking is not only bad for both of you, but it is bad for your children, the example on how a father should behave & many other issue, plus smoking is actually kind of selfish act and costly too!\n\nbut i do really happy you said ""We want to have him quit smoking before we get married"" i really wish you two will have happy life in future that not included smoking as part of it...so may he sucuess!', 'Of course, he should. These symptoms, called withdrawal symptoms, are quite normal. This is the time he needs a lot of your support.', ""absolutely.  for both of you.  first and second hand smoke kill, and i'm sure you'd like to spend as long a life together as possible.""]]"
SUGGESTION,['sas and mrswt. MRSA can be fatal to 3 cultures come back to be fatal to people who come back negative'],"It is strongly suggested that he needs to quit smoking. Acknowledging withdrawal symptoms as a normal part of the process, the importance of providing substantial support, both for him and their relationship, is emphasized. The risks associated with both firsthand and secondhand smoke are highlighted, emphasizing the desire for a long and healthy life together.","[['He surely need to quit...as smoking is not only bad for both of you, but it is bad for your children, the example on how a father should behave & many other issue, plus smoking is actually kind of selfish act and costly too!\n\nbut i do really happy you said ""We want to have him quit smoking before we get married"" i really wish you two will have happy life in future that not included smoking as part of it...so may he sucuess!', 'Of course, he should. These symptoms, called withdrawal symptoms, are quite normal. This is the time he needs a lot of your support.', ""absolutely.  for both of you.  first and second hand smoke kill, and i'm sure you'd like to spend as long a life together as possible.""]]"
SUGGESTION,['Apply the ]stadoillysaturate the creme for dark circles under eye creme around the dark circles under the eye area.'],"It is suggested too start weightlifting comfortably, aim for 10-15 repetitions of exercises per set. Begin with lighter weights and gradually increase. Consider using resources like books, videos, or local libraries for guidance. Seek a personal trainer for tailored assistance; explore options at colleges or through online listings. Consult a doctor before starting, especially if you have health concerns. Lift weights slowly and steadily, adjusting the weight when you reach 15 reps. Get professional guidance from a certified trainer (preferably CSCS certified) for proper form, personalized evaluation, and guidance on fitness and flexibility.","[['low weight something you can do comfortably ten-15 repititions start with one set of each exercise go slowly there are alot of different exercises to do you can get abook a video the library offers alot for free. if you are really lost look into getting a personal trainer try craigs list or your local colleges lots of student withknowlede looking for part time jobs post a flier in the PE department,\n\nmake sure you speak with your doctor before you start if you have any health issues.', ""Here's the easy answer... walk up to a machine... set it low...now lift it slowly as steady up, down  or back, forth whatever....  IF YOU CAN LIFT THE WEIGHT 15 TIMES....STOP AND GO HEAVIER... When you can only lift a weight 10 times that is your starting weight..."", 'You should find a professional, preferably with a CSCS certification to help you.  Someone should evaluate your fitness and flexibility in person, as well as watch and guide you for correct form.  These things are hard to do over the internet.']]"
SUGGESTION,['You areaaswrrrs bite from the hooker bitesa'],"Cold sores, caused by the herpes virus, can be spread through oral contact with the affected area, so it's advisable to avoid oral intimacy during an outbreak. Stress can exacerbate outbreaks, so managing stress is essential. If you experience cold sores regularly, consider consulting a clinic or your doctor for antiviral medications. Over-the-counter creams like Zovirax or Abreva can help, and maintaining overall health through hydration, a healthy diet, and exercise is beneficial. Ice and aspirin can aid in reducing pain and swelling. Breaking the blisters is highly contagious, so it's crucial to avoid doing so. Most adults have the herpes virus, but only a smaller percentage exhibit symptoms. While cold sores can be a nuisance, they are generally manageable, especially for those with a healthy immune system. Taking preventive measures, using remedies like creams and lip balm, and adopting a healthy lifestyle can help manage and prevent cold sores.","[[""Do not become orally intimate with someone's nether regions, (just in case you were thinking of doing that) with a cold sore. I was just at the doctor for the cold sores that I get on my lip and they informed me that yes in fact you can spread the virus that way. Don't obsess, stress can make them worse and cause them to come out more frequently. If you get them on a semi regular basis, go to a clinic or your regular doctor, they have an anti-viral pill that will help you greatly. Abreva and such only dry out the blisters, so does ear wax believe it or not. Most adults have the herpe virus in their system, but a smaller percentage have symptoms. Ice also breaks the virus down quicker once you have the blisters, and aspirin will reduce pain and take the swelling down. Don't ever break the blisters they are freakishly contagious. Other than that, relax, they're a pain in the ass, but unless you have a problem with your immune system, you'll live."", 'Cold sores are annoying but not something to worry about.  They are an infection by the HSV-1 virus.  Genital herpes is caused by a different virus, HSV-2.', 'Cold sores are not a welcome addition, especially when you have to go out to party, meet friends, socialize or even a simple task as grocery shopping.\n\nI worry a lot about my cold sores too. But the wise thing to do is find a remedy & take preventive measures.\nCreams are available:\n1. Zovirax\n2. Abreva (I use this)\n\nUse a medicinal lip balm, drink lot of water, eat a healthy diet & exercise well. The cold sore would go away in 2 to 7 days.', ""Don't worry about a cold sore, just drink more water and it'll go away, providing that you don't eat lots of junk food.""]]"
INFORMATION,['a corrects 1 and/'],"Cold sores are caused by the HSV-1 virus and, while annoying, are generally not a cause for major concern. It's important to note that cold sores are distinct from genital herpes, which is caused by the HSV-2 virus. Dealing with cold sores can be challenging, especially when engaging in social activities. Many people share the concern and worry about the impact of cold sores on their daily lives, social interactions, and overall well-being. Managing outbreaks through various remedies and preventive measures can help alleviate the inconvenience associated with cold sores.","[[""Do not become orally intimate with someone's nether regions, (just in case you were thinking of doing that) with a cold sore. I was just at the doctor for the cold sores that I get on my lip and they informed me that yes in fact you can spread the virus that way. Don't obsess, stress can make them worse and cause them to come out more frequently. If you get them on a semi regular basis, go to a clinic or your regular doctor, they have an anti-viral pill that will help you greatly. Abreva and such only dry out the blisters, so does ear wax believe it or not. Most adults have the herpe virus in their system, but a smaller percentage have symptoms. Ice also breaks the virus down quicker once you have the blisters, and aspirin will reduce pain and take the swelling down. Don't ever break the blisters they are freakishly contagious. Other than that, relax, they're a pain in the ass, but unless you have a problem with your immune system, you'll live."", 'Cold sores are annoying but not something to worry about.  They are an infection by the HSV-1 virus.  Genital herpes is caused by a different virus, HSV-2.', 'Cold sores are not a welcome addition, especially when you have to go out to party, meet friends, socialize or even a simple task as grocery shopping.\n\nI worry a lot about my cold sores too. But the wise thing to do is find a remedy & take preventive measures.\nCreams are available:\n1. Zovirax\n2. Abreva (I use this)\n\nUse a medicinal lip balm, drink lot of water, eat a healthy diet & exercise well. The cold sore would go away in 2 to 7 days.', ""Don't worry about a cold sore, just drink more water and it'll go away, providing that you don't eat lots of junk food.""]]"
INFORMATION,['I haveaasorrrrre you have had calciacial'],Runners should consider consuming bananas post-run for replenishing electrolytes. Carbo-loading might not be necessary for 5K and 10K runs.,"[[""With 5K and 10K, there's no need to carbo-load.  Before the run, eat something that doesn't upset your stomache.  Some people have problems with dairy.  If you do, avoid it the night before.  Bananas are good after a run.  Helps to replenish those electrolights.  I like a half a peanut butter sandwich."", ""Yes, protein after running is better than just carbs. Carbs the night before is for sure a good idea. As a matter of fact, it is smart to do 'carb loading' the week(s) before the run too.\n\nNot just pasta. Rice and bread are good too. Vegetables and fruit are smart choices as well.""]]"
SUGGESTION,"[""I have'el ...""]","For optimal running performance and digestion, runners should. Consume non-irritating food, avoiding dairy if sensitive. Night before, skip dairy. Consider bananas and half a peanut butter sandwich post-run. Prioritize protein over carbs for recovery. Half a peanut butter sandwich is beneficial. Focus on carb-loading not just before the run but in the weeks leading up to it. Include pasta, rice, bread, vegetables, and fruits in the diet.","[[""With 5K and 10K, there's no need to carbo-load.  Before the run, eat something that doesn't upset your stomache.  Some people have problems with dairy.  If you do, avoid it the night before.  Bananas are good after a run.  Helps to replenish those electrolights.  I like a half a peanut butter sandwich."", ""Yes, protein after running is better than just carbs. Carbs the night before is for sure a good idea. As a matter of fact, it is smart to do 'carb loading' the week(s) before the run too.\n\nNot just pasta. Rice and bread are good too. Vegetables and fruit are smart choices as well.""]]"
INFORMATION,['temihicleargud.'],"Certain potential factors that can aggravate the situation with genital herpes and contribute to breakouts are scented tampons, pads, panty liners, wipes, not bathing enough, unwiped urine and generally any form of stress.","[['Stress can cause frequent outbreaks, scented tampons, pads, panty liners and wipes can cause irritation and can lead to out breaks, not bathing enough or unwiped urine...\n\nGo to one of the web sites for the medicines they have for the condition and while they will suggest there medicine they also tell what causes out breaks... \n\nGood luck', 'As far as I know there is no way to naturally prevent the number of break outs, but I would try stress reducing activities such as yoga or meditation.\n\nThe medicine works very good.', 'yes its true dont blame me', ""Stress is definitely a factor.  When you're stressed, it lowers your immune system's capabilities and will allow the virus to come up to the surface, causing an outbreak.""]]"
CAUSE,"[""Fatigues<unk>'sordos and stress, stress turette'stwitch, caffeine 's .""]",Stress can be a potential cause as it lowers one's immune system's response and might cause the symptoms to resurface.,"[['Stress can cause frequent outbreaks, scented tampons, pads, panty liners and wipes can cause irritation and can lead to out breaks, not bathing enough or unwiped urine...\n\nGo to one of the web sites for the medicines they have for the condition and while they will suggest there medicine they also tell what causes out breaks... \n\nGood luck', 'As far as I know there is no way to naturally prevent the number of break outs, but I would try stress reducing activities such as yoga or meditation.\n\nThe medicine works very good.', 'yes its true dont blame me', ""Stress is definitely a factor.  When you're stressed, it lowers your immune system's capabilities and will allow the virus to come up to the surface, causing an outbreak.""]]"
SUGGESTION,"['yes its limpsethose people have it is adentary and suffer from a painful disease. It is fibromy real condition, that no one of real condition, that no one is researching seriously it is i know is researching seriously. yes its a a serious. yes its a painful disease that it is a real condition women have it is a painful disease women have. Isa legitimate illness, that i know that there are. however my ex wife is a many cases where my ex wife is using it is where it is it is using it to obtain a a a to obtain long- long- legitimate illness legitimate illness long-term -term - -term spousual spousual spousal support and I know that sal support and I know that there are using it is I know that there are many cases where many cases where it is many cases where it is where it is a where it is a is a legitimate illness is a legitimate illness - - a legitimate illness. However my ex wife is thati. however my ex wife is using it is very sendentary is using it to obtain entary and fibromy ex- long- i think this is very sendentarya think this is the biggest problem to those people dis- the biggest problem with her who truly do- service to those people who truly do suffer from this person who truly do suffer from this. It is truly do suffer from this. It is a fibromy exwife is a painful disease, that is using ita painful disease, that no one of it is , that no one is researching seriously. I know thatia researching seriously. yes it is s fibromy ex wife is real both men and yes its w is a and women have it is a real condition women have it. a real condition women have it. i know thatias. In fact several people I know that adeed several people I know suffer from several people I know suffer from suffer from it including myself suffer from suffer from it including myself including myself. It is it including myself. It is it is a me. It is a painful disease, that is a painful disease, that no one is a disease, that no one is researching']",It is recommended to reduce stress with meditation and yoga.,"[['Stress can cause frequent outbreaks, scented tampons, pads, panty liners and wipes can cause irritation and can lead to out breaks, not bathing enough or unwiped urine...\n\nGo to one of the web sites for the medicines they have for the condition and while they will suggest there medicine they also tell what causes out breaks... \n\nGood luck', 'As far as I know there is no way to naturally prevent the number of break outs, but I would try stress reducing activities such as yoga or meditation.\n\nThe medicine works very good.', 'yes its true dont blame me', ""Stress is definitely a factor.  When you're stressed, it lowers your immune system's capabilities and will allow the virus to come up to the surface, causing an outbreak.""]]"
INFORMATION,"[""I have you outbreakssii haven'redos isnt t been on your period isn't been on my period for two weeks. Talk to your period for two weeks..it with your period 2 weeks. It isn's isnas not really not really not really not really not normal, really normal. It is normal, although it may becuz not really. it may be more typical in adolescents than you should be more typical in adolescents than you think. Talkit in adolescents than you think. But, it isn' think. But, it is not really normal. But, it is not really normal, although it is not really not normal, although it may be a normal, although it may be more typical in adolescents than you may be more typical in adolescents than you think. But, some other than you think. But, it isn think. But, it is not really not really. It is not really not really normal, although it isn' normal, although it may be more normal, although it may be more typical in adolescents than you may be more typical in adolescents than you think.""]","For information purposes, Fetal Alcohol Syndrome (FAS) presents with various symptoms, notably including facial abnormalities like underdeveloped facial bones, a long and smooth philtrum, a thin upper lip, a short nose, and drooping eyelids. These features become more pronounced as the child grows. Additionally, sensory deficits affecting vision, hearing, and speech are common, such as heightened hearing sensitivity, hearing loss, and delayed language development. Children with FAS may also experience learning disabilities and low birth weight.","[['Mental retardation is the most common and serious birth defect associated with FAS.  Perhaps the most notable defects in FAS involve the face and eyes. In general, these defects are obvious and include facial bone hypoplasia (under-development), a long, underdeveloped philtrum (the groove in the middle of the upper lip), a thin upper lip, a short nose, and ptosis (drooping of the eyelids). Although the typical facial features may not be as apparent during the newborn period, they become more prominent as the infant develops. As these children grow into young adulthood, however, the facial abnormalities become more subtle and thereby contribute to the difficulty of recognizing FAS in older persons. With these physical abnormalities come sensory deficits that frequently involve vision, hearing and speech. Hyperacusis (abnormal acuteness of hearing) is common in infants, and approximately one third of these infants have a conductive hearing loss and another one-third have a sensorineural hearing loss. More than 90 percent of infants with FAS have delays in receptive and expressive language development.', 'Please see the links listed below.  Also consult your doctor and talk to your doctor more if you are suspicious.  However, finding out this information this late in life, while it may give you a reason for certain problems, you may not be able to overcome some of the problems.  At the same time, it is something to discuss with your sister.  Good luck in your search, I hope these resources help you out.', 'slanted eyes may look similar to the eyes of a child with down syndrom.  Learning dissabilities, low birth weight']]"
SUGGESTION,"[""osseae', osteoposteoblastoposteorosisinflammationorosisma,omas,os,o,osteosteosteosteosteoclasoclassoclastomastomastoma etc.""]",It is suggested to consult a doctor if one suspect Fetal Alcohol Syndrome (FAS) symptoms. Discovering this late might explain certain issues but overcoming all problems may not be possible. Discussing this with a sibling could be helpful.,"[['Mental retardation is the most common and serious birth defect associated with FAS.  Perhaps the most notable defects in FAS involve the face and eyes. In general, these defects are obvious and include facial bone hypoplasia (under-development), a long, underdeveloped philtrum (the groove in the middle of the upper lip), a thin upper lip, a short nose, and ptosis (drooping of the eyelids). Although the typical facial features may not be as apparent during the newborn period, they become more prominent as the infant develops. As these children grow into young adulthood, however, the facial abnormalities become more subtle and thereby contribute to the difficulty of recognizing FAS in older persons. With these physical abnormalities come sensory deficits that frequently involve vision, hearing and speech. Hyperacusis (abnormal acuteness of hearing) is common in infants, and approximately one third of these infants have a conductive hearing loss and another one-third have a sensorineural hearing loss. More than 90 percent of infants with FAS have delays in receptive and expressive language development.', 'Please see the links listed below.  Also consult your doctor and talk to your doctor more if you are suspicious.  However, finding out this information this late in life, while it may give you a reason for certain problems, you may not be able to overcome some of the problems.  At the same time, it is something to discuss with your sister.  Good luck in your search, I hope these resources help you out.', 'slanted eyes may look similar to the eyes of a child with down syndrom.  Learning dissabilities, low birth weight']]"
INFORMATION,"[""s'esor the ehmo'.""]","For information purposes, diet soda doesn't help reduce appetite. Although it has no calories, it may make you feel temporarily full, similar to any liquid. Some suggest it could increase cravings for sweets or lead to overeating as the sweetness tricks the brain. However, water is a better, healthier choice than soda.","[[""No more so than drinking any liquid. At least with diet soda, you're not adding any calories to the mix.  In my experience, water can have that effect--at least a temporary feeling of fullness.  Plus water is better for you than soda.  Just don't overdo it."", ""No, diet soda doesn't help to cut down your appetite.  Although, just like any fluid it may make you feel full since it fills up your stomach."", 'Do a google search on it.  \nI think it was MSN but I read it actually increased your appetite.  There were two thoughts on this... one is that your mouth tastes the sweetness and obviously recieves no calories, so it causes you to crave more sweets than you normally would.  \nAnother thought was that a person rationalizes extra portions because they drink diet soda.']]"
EXPERIENCE,['Boxing'],"In users expereince, one user from experience suggests drinking water can make you feel full temporarily, and it's healthier than soda. Just be mindful not to drink too much.","[[""No more so than drinking any liquid. At least with diet soda, you're not adding any calories to the mix.  In my experience, water can have that effect--at least a temporary feeling of fullness.  Plus water is better for you than soda.  Just don't overdo it."", ""No, diet soda doesn't help to cut down your appetite.  Although, just like any fluid it may make you feel full since it fills up your stomach."", 'Do a google search on it.  \nI think it was MSN but I read it actually increased your appetite.  There were two thoughts on this... one is that your mouth tastes the sweetness and obviously recieves no calories, so it causes you to crave more sweets than you normally would.  \nAnother thought was that a person rationalizes extra portions because they drink diet soda.']]"
CAUSE,['Yes'],The constant twitch in one eyelid could be caused by fatigue or nervous tics.,"[['Fatigue', 'it could be nervous tics.\n\ni have it happen sometimes.']]"
EXPERIENCE,"['Seeknstor, or Identify the mental health issues.']",A person shared the same experience of a constant twitch in one eyelid which they attributed to nervous tics.,"[['Fatigue', 'it could be nervous tics.\n\ni have it happen sometimes.']]"
INFORMATION,"[""Don' limee...""]","For information purposes, the aortic valve serves as the gateway between the left ventricle and the aorta, facilitating the flow of fresh oxygenated blood throughout the body. Diseases such as aortic stenosis or aortic insufficiency may necessitate the replacement of this valve. There are two primary types of aortic valve replacements: mechanical valves, which have a well-established safety record but require lifelong blood thinners, and biologic/tissue valves, which eliminate the need for blood thinners but may have lower durability. The Ross procedure presents a variation, replacing the aortic valve with the patient's own pulmonary valve and using a tissue valve for the pulmonary position. This approach minimizes strain on the aortic valve and avoids the need for postoperative blood thinners. Current research explores minimally invasive catheter-based methods for valve replacement. Proper functioning of the aortic valve is crucial to prevent complications such as increased diastolic pressure and the risk of cardiac infarction. Aortic bypass surgery is often performed to address a malfunctioning aortic valve, acknowledging the complexity of the procedure due to the aorta's significance as the body's largest blood vessel.","[['it replaces one of the valves in your heart (which function to move the blood to the rest of the body from the heart) to improve blood flow.', ""The aortic valve is the gateway between the left ventricle and the aorta.  This is where fresh oxygenated blood is pumped out to the entire body.  There are a variety of diseases that can require replacement of this valve, including aortic stenosis where the valve does not properly open and close, or an aortic insufficiency where the valve allows backflow of blood from the aorta back into the left ventricle of the heart.\n\nThere are two major types of aortic valve replacements - mechanical valves and biologic/tissue valves.  Mechanical valves have been around longer and subsequently have a very refined safety and efficacy profile.  The downside is that after the procedure, the patient must be put on blood thinners for the rest of their life.  Biologic/tissue valves do not need subsequent blood thinner treatment and therefore may benefit younger, generally healthy patients.  However, it has been shown that the durability of tissue valves may be lower than mechanical valves, which may require a repeat operation later in life.\n\nThere is a variation to the above procedures called the Ross procedure.  This procedure replaces the faulty aortic valve with the patient's own pulmonary valve.  The pulmonary valve is then replaced with a tissue valve.  The rationale for doing this is that more strain is put on the aortic valve and therefore having the person's own anatomy in that place is preferable to having a weaker mechanical or tissue valve.  The pulmonary valve, which only pumps to the lungs (and therefore doesn't have to pump as hard) can withstand having a tissue valve, which isn't as durable.  In addition, this approach does not require blood thinners after the operation.\n\nCurrent cardiac surgery research is trying to investigate if valve replacement can be done in a minimally invasive way using catheter devices."", ""The aortic valve is a semilunar valve that controls blood flow from the left ventricle to the systemic system of the body.. Its only job is to close so that backflow of blood back to the left ventricle will not be attained.. If the valve is not functioning properly the person's diastolic pressure will increase which will ultimately cause a cardiac infarction. The actual replacement can be achieved, but it is a very delicate surgery because the aorta is the biggest blood vessel in the body. Usually an aortic bypass is performed.""]]"
SUGGESTION,['sastasortha plaster of plaster of summary'],"If you are having hormonal changes, it is best to get your hormone levels checked with a doctor as soon as possible, especially if you are a woman.","[['If you are a woman, then you need to get your hormone levels checked, ASAP!!!!!', 'Coz buddy ur growing up, this might be the last changes of ur body hormones...confirm that with ur doctor!!!!', 'If you are a woman, it may be hormonal.  Go see your doctor', 'Would u juz grow up???']]"
EXPERIENCE,"['Drinking asess alot of fluidsup the alot of fluids, and rest of anty , mainly water. Take Echinacetechinacealot of aceaiacea or dirnixacea (or dirnking it ( Odwalladnking it ( Odwalla has king it ( Odwalla has a very tasty wa has a very tasty echinacea very tasty echinacea drink) Take echinacea drink) Then as acea drink) Then when you a is then when you feel a cold coming on u feel a cold coming on, or even to take as o, or even to take as a preventatively to take as a preventative measure- you as a preventative measure- you can take aive measure- you can take Airborne']","In users expereince, one user said he holds his stomach while breathing normally. Another user said his sister lost  2 inch of her belly by doing 100 crunches in the morning and 50 crunches in the night.","[[""not only do you need to work your ab muscles (by doing crunches and sit ups) you need to exercise and eat right too. Just because the you gain the muscle through crunches doesn't mean the fat will go away. Run or cycle or any other cardio will help as well as eating less sugars and fats."", 'Holy crap that is awesome, crunches here i come!', 'crunches, running, and if you are 18 or older and involved with someone, sex is always physically exhausting, if your partner can last at all.', 'Do crunches at night and during commercials.  I have also always held stomach in, comfortably, though, so that I still breath normally.', 'i dont know i think you should go to gym. (i havent got rid off my baby fat)(to lazy).', 'crunches work the best!! My sisters doing 100 in the morning and 50 at night, and she lost 2 in off of her belly in a week!']]"
SUGGESTION,['I havenskudild. Centrum and Centrum and centrum performance and well as well as well as well as well as the Mega Man/well as the Mega Man/Wo Series of the Mega Man/Woman Series of m/Woman Series of vitianaman Series of vitimansw Series of vitimans from GNC are imans from GNC are absorbed very well'],"Do crunches and sit-ups to to strengthen ab muscles, keeping in mind that fat loss requires a combination of cardio exercise, a healthy diet, and reduced sugar and fat intake. Even regular physical activity, including sex, can be physically demanding. Consider incorporating crunches during free time  like at night or during commercials and consider going to the gym","[[""not only do you need to work your ab muscles (by doing crunches and sit ups) you need to exercise and eat right too. Just because the you gain the muscle through crunches doesn't mean the fat will go away. Run or cycle or any other cardio will help as well as eating less sugars and fats."", 'Holy crap that is awesome, crunches here i come!', 'crunches, running, and if you are 18 or older and involved with someone, sex is always physically exhausting, if your partner can last at all.', 'Do crunches at night and during commercials.  I have also always held stomach in, comfortably, though, so that I still breath normally.', 'i dont know i think you should go to gym. (i havent got rid off my baby fat)(to lazy).', 'crunches work the best!! My sisters doing 100 in the morning and 50 at night, and she lost 2 in off of her belly in a week!']]"
SUGGESTION,"['These aredolon to render him so calm any kind of tranquilize him so calm that anything can be calm that anything that anything can be done with him as he can be done with him, as ifer done with him, as if he with him, as if he was , as if he was a pet.']","To increase fertility, It is suggested to not use a condom and to talk to a doctor for a fertility drug.","[['Talk to your doctor.  He or she might prescribe fertility drugs if necessary.', 'try to put sperm in vegina.do not use condom']]"
SUGGESTION,"[""You's nutsordo ate to many', in general contain a lot' and as a lot of oil.""]","To address the issue of ""man breasts,"" commonly caused by excess fat in the chest area rather than actual breast tissue, a combination of dietary changes and targeted exercises is recommended. Eating less and incorporating exercises such as push-ups can help convert the excess fat into muscle over time. It's important to note that in many cases, what appears as ""man breasts"" is primarily due to fat accumulation, and weight loss through overall body fat reduction is crucial. Specific exercises, like butterflies, can be beneficial in toning the chest area, but complete resolution may not be guaranteed, as genetic factors can play a role in this condition. In summary, a holistic approach involving a healthy diet, weight loss, and targeted exercises can contribute to reducing the appearance of ""man breasts.""","[['try eating less and lots of push-ups. this will eventually turn them into muscle.', ""Those are not breasts.  Its fat, some fat men's chest grows in such a way that they start looking like breasts.  He needs to loose weight."", 'My husband had this issue growing up. You need to exercise and do specific exercises to tone that area, like butterflies. It will help but may not completely resolve, it can be hereditery. Good Luck!']]"
